cluster_id,size,suppression_pct,enhancement_pct,control_pct,top_states,top_attributes,base_accuracy,instruct_accuracy
0,120,25.0,65.0,10.0,"{'Nagaland': 117, 'Arunachal_Pradesh': 3}","{'Festivals': 69, 'Cultural_Common_Sense': 27, 'Costume': 12}",0.7,0.675
1,54,33.33333333333333,33.33333333333333,33.33333333333333,"{'Goa': 27, 'Telangana': 27}","{'Dance_and_Music': 27, 'Tourism': 27}",0.5,0.7222222222222222
2,153,31.372549019607842,47.05882352941176,21.568627450980394,"{'Jharkhand': 36, 'Mizoram': 36, 'Punjab': 33}","{'Tourism': 51, 'Transport': 36, 'Festivals': 33}",0.47058823529411764,0.5882352941176471
3,71,49.29577464788733,50.70422535211267,0.0,"{'Karnataka': 48, 'Himachal_Pradesh': 23}","{'Festivals': 45, 'Cuisine': 23, 'Rituals_and_Ceremonies': 3}",0.5774647887323944,0.38028169014084506
4,66,54.54545454545454,13.636363636363635,31.818181818181817,"{'Rajasthan': 36, 'Karnataka': 30}","{'Art': 33, 'Festivals': 24, 'Cultural_Common_Sense': 6}",0.7727272727272727,0.5909090909090909
5,87,17.24137931034483,34.48275862068966,48.275862068965516,"{'Punjab': 33, 'Sikkim': 27, 'Jharkhand': 24}","{'Sports': 33, 'Tourism': 27, 'Personalities': 24}",0.6551724137931034,0.6896551724137931
6,285,29.47368421052631,44.21052631578947,26.31578947368421,"{'Rajasthan': 57, 'Himachal_Pradesh': 45, 'Jharkhand': 36}","{'Art': 69, 'Cuisine': 45, 'Transport': 36}",0.5684210526315789,0.6210526315789474
7,57,26.31578947368421,15.789473684210526,57.89473684210527,"{'Tripura': 33, 'Delhi': 24}","{'Festivals': 33, 'Language': 24}",1.0,0.9473684210526315
8,54,16.666666666666664,11.11111111111111,72.22222222222221,"{'Manipur': 39, 'Telangana': 15}","{'Language': 33, 'Personalities': 15, 'History': 6}",0.3333333333333333,0.4444444444444444
9,112,58.03571428571429,34.82142857142857,7.142857142857142,"{'Odisha': 48, 'Haryana': 30, 'Manipur': 24}","{'Dance_and_Music': 39, 'Personalities': 33, 'History': 16}",0.5535714285714286,0.44642857142857145
10,59,5.084745762711865,23.728813559322035,71.1864406779661,"{'Mizoram': 57, 'Meghalaya': 2}","{'Festivals': 47, 'Cultural_Common_Sense': 6, 'Rituals_and_Ceremonies': 3}",0.6101694915254238,0.6949152542372882
11,91,36.26373626373626,27.472527472527474,36.26373626373626,"{'Delhi': 18, 'Telangana': 18, 'Tamil_Nadu': 18}","{'Festivals': 36, 'Cultural_Common_Sense': 18, 'History': 15}",0.7912087912087912,0.6813186813186813
12,69,4.3478260869565215,39.130434782608695,56.52173913043478,"{'Puducherry': 36, 'Uttar_Pradesh': 33}","{'Medicine': 36, 'Cuisine': 33}",0.7391304347826086,0.782608695652174
13,87,37.93103448275862,34.48275862068966,27.586206896551722,"{'Punjab': 24, 'Telangana': 24, 'Uttar_Pradesh': 24}","{'History': 45, 'Dance_and_Music': 24, 'Tourism': 18}",0.4827586206896552,0.5172413793103449
14,78,34.61538461538461,23.076923076923077,42.30769230769231,"{'Telangana': 42, 'Ladakh': 21, 'Chandigarh': 15}","{'Personalities': 36, 'Cultural_Common_Sense': 21, 'Tourism': 21}",0.6153846153846154,0.7692307692307693
15,139,20.863309352517987,40.28776978417266,38.84892086330935,"{'Punjab': 66, 'Uttar_Pradesh': 33, 'Tripura': 18}","{'Personalities': 117, 'Tourism': 18, 'Language': 2}",0.5179856115107914,0.6115107913669064
16,51,29.411764705882355,35.294117647058826,35.294117647058826,"{'West_Bengal': 36, 'Andhra_Pradesh': 15}","{'Art': 36, 'Festivals': 15}",0.5294117647058824,0.5294117647058824
17,78,15.384615384615385,61.53846153846154,23.076923076923077,"{'Himachal_Pradesh': 33, 'Gujarat': 24, 'Telangana': 21}","{'Cultural_Common_Sense': 33, 'Tourism': 27, 'Festivals': 18}",0.7692307692307693,0.6923076923076923
18,183,34.42622950819672,13.114754098360656,52.459016393442624,"{'Tamil_Nadu': 51, 'West_Bengal': 30, 'Maharashtra': 27}","{'Dance_and_Music': 45, 'Personalities': 33, 'Rituals_and_Ceremonies': 33}",0.639344262295082,0.6065573770491803
19,66,31.818181818181817,31.818181818181817,36.36363636363637,"{'Nagaland': 18, 'Telangana': 18, 'Puducherry': 15}","{'Tourism': 18, 'History': 18, 'Cultural_Common_Sense': 15}",0.8636363636363636,0.8636363636363636
20,60,10.0,5.0,85.0,"{'West_Bengal': 39, 'Telangana': 21}","{'Festivals': 39, 'Tourism': 21}",0.65,0.6
21,63,23.809523809523807,47.61904761904761,28.57142857142857,"{'Manipur': 36, 'Nagaland': 27}","{'Personalities': 36, 'History': 27}",0.8095238095238095,0.6666666666666666
22,111,0.0,13.513513513513514,86.48648648648648,"{'Telangana': 102, 'Delhi': 9}","{'History': 66, 'Tourism': 36, 'Art': 9}",0.8378378378378378,0.9459459459459459
23,81,40.74074074074074,37.03703703703704,22.22222222222222,"{'Sikkim': 27, 'Madhya_Pradesh': 18, 'Arunachal_Pradesh': 15}","{'Cultural_Common_Sense': 27, 'Festivals': 18, 'Dance_and_Music': 15}",0.7407407407407407,0.48148148148148145
24,75,36.0,20.0,44.0,"{'Telangana': 36, 'Madhya_Pradesh': 27, 'Arunachal_Pradesh': 12}","{'History': 36, 'Costume': 21, 'Cuisine': 12}",0.68,0.68
25,82,29.268292682926827,29.268292682926827,41.46341463414634,"{'Tamil_Nadu': 52, 'Haryana': 27, 'Uttarakhand': 3}","{'Cuisine': 64, 'Festivals': 18}",0.8536585365853658,0.7804878048780488
26,69,4.3478260869565215,47.82608695652174,47.82608695652174,"{'Sikkim': 36, 'Manipur': 33}","{'Sports': 36, 'Tourism': 33}",0.391304347826087,0.6086956521739131
27,106,19.81132075471698,40.56603773584906,39.62264150943396,"{'Nagaland': 43, 'Punjab': 42, 'Telangana': 21}","{'Personalities': 42, 'Festivals': 40, 'Cultural_Common_Sense': 21}",0.5943396226415094,0.5377358490566038
28,81,44.44444444444444,37.03703703703704,18.51851851851852,"{'Uttar_Pradesh': 24, 'Telangana': 24, 'Gujarat': 18}","{'Dance_and_Music': 39, 'History': 24, 'Festivals': 15}",0.5925925925925926,0.5555555555555556
29,81,25.925925925925924,18.51851851851852,55.55555555555556,"{'Telangana': 51, 'Meghalaya': 15, 'Andhra_Pradesh': 15}","{'Art': 51, 'Tourism': 15, 'Cuisine': 15}",0.8148148148148148,0.7777777777777778
30,98,20.408163265306122,61.224489795918366,18.367346938775512,"{'Jharkhand': 27, 'Manipur': 26, 'West_Bengal': 15}","{'Tourism': 29, 'Religion': 24, 'Costume': 15}",0.5510204081632653,0.5816326530612245
31,98,58.16326530612245,20.408163265306122,21.428571428571427,"{'Arunachal_Pradesh': 29, 'Ladakh': 24, 'Telangana': 24}","{'Personalities': 24, 'History': 24, 'Rituals_and_Ceremonies': 21}",0.5204081632653061,0.3877551020408163
32,191,40.83769633507853,10.471204188481675,48.69109947643979,"{'Telangana': 103, 'Tamil_Nadu': 42, 'Madhya_Pradesh': 18}","{'Tourism': 63, 'Personalities': 30, 'Dance_and_Music': 29}",0.6701570680628273,0.6230366492146597
33,94,68.08510638297872,31.914893617021278,0.0,"{'Assam': 81, 'Jammu_kashmir': 6, 'Himachal_Pradesh': 3}","{'Cuisine': 75, 'Tourism': 16, 'Rituals_and_Ceremonies': 3}",0.8723404255319149,0.8085106382978723
34,99,33.33333333333333,60.60606060606061,6.0606060606060606,"{'Goa': 27, 'Jharkhand': 24, 'Rajasthan': 18}","{'Dance_and_Music': 42, 'Festivals': 27, 'Tourism': 15}",0.45454545454545453,0.45454545454545453
35,57,28.07017543859649,8.771929824561402,63.1578947368421,"{'Tamil_Nadu': 56, 'Kerala': 1}","{'Cuisine': 31, 'Tourism': 26}",0.7719298245614035,0.8070175438596491
36,97,47.42268041237113,37.11340206185567,15.463917525773196,"{'Tamil_Nadu': 42, 'Goa': 21, 'Jharkhand': 18}","{'Cuisine': 34, 'Rituals_and_Ceremonies': 24, 'Festivals': 18}",0.6391752577319587,0.7010309278350515
37,56,16.071428571428573,8.928571428571429,75.0,"{'Maharashtra': 24, 'Uttar_Pradesh': 18, 'Telangana': 12}","{'History': 24, 'Festivals': 20, 'Personalities': 12}",0.7321428571428571,0.6785714285714286
38,90,10.0,13.333333333333334,76.66666666666667,"{'Maharashtra': 66, 'Sikkim': 18, 'Odisha': 3}","{'Personalities': 39, 'Festivals': 27, 'Sports': 18}",0.8,0.7666666666666667
39,63,28.57142857142857,38.095238095238095,33.33333333333333,"{'Himachal_Pradesh': 36, 'Telangana': 27}","{'Rituals_and_Ceremonies': 36, 'History': 27}",0.6190476190476191,0.7619047619047619
40,111,43.24324324324324,48.64864864864865,8.108108108108109,"{'Arunachal_Pradesh': 36, 'Mizoram': 33, 'Delhi': 15}","{'History': 48, 'Language': 36, 'Personalities': 27}",0.6216216216216216,0.6216216216216216
41,114,39.473684210526315,28.947368421052634,31.57894736842105,"{'West_Bengal': 33, 'Nagaland': 30, 'Dadra_and_Nagar_Haveli_and_Daman_and_Diu': 21}","{'Tourism': 45, 'Dance_and_Music': 30, 'Cultural_Common_Sense': 21}",0.7105263157894737,0.5789473684210527
42,87,17.24137931034483,18.39080459770115,64.36781609195403,"{'Rajasthan': 54, 'West_Bengal': 33}","{'Tourism': 36, 'History': 24, 'Cuisine': 24}",0.8620689655172413,0.9080459770114943
43,104,37.5,51.92307692307693,10.576923076923077,"{'Kerala': 24, 'Himachal_Pradesh': 24, 'Sikkim': 23}","{'Tourism': 42, 'Festivals': 36, 'Cultural_Common_Sense': 24}",0.6346153846153846,0.6923076923076923
44,66,13.636363636363635,72.72727272727273,13.636363636363635,"{'Chhattisgarh': 51, 'Uttarakhand': 15}",{'Festivals': 66},0.2727272727272727,0.45454545454545453
45,113,37.16814159292036,30.973451327433626,31.858407079646017,"{'Manipur': 41, 'Arunachal_Pradesh': 30, 'Maharashtra': 27}","{'Festivals': 39, 'Cultural_Common_Sense': 33, 'Tourism': 26}",0.5575221238938053,0.5752212389380531
46,87,13.793103448275861,31.03448275862069,55.172413793103445,"{'Punjab': 33, 'West_Bengal': 18, 'Bihar': 17}","{'Cuisine': 70, 'Tourism': 15, 'Cultural_Common_Sense': 2}",0.6896551724137931,0.6896551724137931
47,162,11.728395061728394,42.592592592592595,45.67901234567901,"{'Telangana': 60, 'Punjab': 39, 'Sikkim': 21}","{'Dance_and_Music': 39, 'Sports': 33, 'Costume': 27}",0.5308641975308642,0.7037037037037037
48,51,47.05882352941176,52.94117647058824,0.0,"{'Ladakh': 33, 'Delhi': 18}","{'History': 18, 'Tourism': 18, 'Personalities': 15}",0.47058823529411764,0.7058823529411765
49,54,22.22222222222222,0.0,77.77777777777779,"{'Rajasthan': 48, 'Assam': 6}","{'History': 30, 'Rituals_and_Ceremonies': 18, 'Cuisine': 6}",0.8333333333333334,0.7222222222222222
50,54,33.33333333333333,33.33333333333333,33.33333333333333,"{'Tripura': 39, 'Delhi': 15}","{'Personalities': 39, 'Nightlife': 15}",0.7222222222222222,0.7222222222222222
51,110,43.63636363636363,30.0,26.36363636363636,"{'Tamil_Nadu': 48, 'Manipur': 41, 'Tripura': 21}","{'Rituals_and_Ceremonies': 57, 'Festivals': 32, 'Tourism': 21}",0.6181818181818182,0.6454545454545455
52,91,9.89010989010989,37.362637362637365,52.74725274725275,"{'West_Bengal': 37, 'Mizoram': 27, 'Tripura': 27}","{'History': 33, 'Tourism': 31, 'Cultural_Common_Sense': 27}",0.7582417582417582,0.8571428571428571
53,165,96.36363636363636,3.6363636363636362,0.0,{'Karnataka': 165},"{'Cultural_Common_Sense': 72, 'Rituals_and_Ceremonies': 54, 'Dance_and_Music': 33}",0.6181818181818182,0.34545454545454546
54,99,51.515151515151516,12.121212121212121,36.36363636363637,"{'Meghalaya': 57, 'Rajasthan': 24, 'Karnataka': 18}","{'Tourism': 57, 'Cultural_Common_Sense': 24, 'Language': 18}",0.8484848484848485,0.7272727272727273
55,102,20.588235294117645,58.82352941176471,20.588235294117645,"{'Jharkhand': 36, 'Manipur': 33, 'Tripura': 18}","{'Transport': 36, 'Festivals': 33, 'Tourism': 18}",0.47058823529411764,0.5588235294117647
56,89,30.337078651685395,46.06741573033708,23.595505617977526,"{'Mizoram': 29, 'Manipur': 27, 'Nagaland': 18}","{'Tourism': 47, 'Personalities': 27, 'Cultural_Common_Sense': 15}",0.5617977528089888,0.7303370786516854
57,60,50.0,10.0,40.0,"{'Telangana': 33, 'Arunachal_Pradesh': 27}","{'Costume': 27, 'Tourism': 18, 'Personalities': 15}",0.85,0.6
58,96,25.0,18.75,56.25,{'Telangana': 96},{'Personalities': 96},0.5,0.34375
59,127,27.559055118110237,33.07086614173229,39.37007874015748,"{'Arunachal_Pradesh': 32, 'Mizoram': 30, 'Odisha': 30}","{'Tourism': 36, 'Language': 32, 'Cultural_Common_Sense': 24}",0.5905511811023622,0.6141732283464567
60,126,71.42857142857143,28.57142857142857,0.0,{'Karnataka': 126},"{'Rituals_and_Ceremonies': 39, 'History': 30, 'Cultural_Common_Sense': 24}",0.6190476190476191,0.5238095238095238
61,69,47.82608695652174,8.695652173913043,43.47826086956522,"{'Manipur': 48, 'Delhi': 21}","{'History': 54, 'Tourism': 15}",0.6956521739130435,0.6521739130434783
62,73,12.32876712328767,26.027397260273972,61.64383561643836,"{'West_Bengal': 41, 'Uttarakhand': 32}","{'Cuisine': 32, 'Cultural_Common_Sense': 30, 'History': 9}",0.9041095890410958,0.6986301369863014
63,111,16.216216216216218,59.45945945945946,24.324324324324326,{'Tripura': 111},"{'History': 75, 'Cultural_Common_Sense': 36}",0.5675675675675675,0.6216216216216216
64,81,77.77777777777779,22.22222222222222,0.0,{'Karnataka': 81},"{'Dance_and_Music': 51, 'Cultural_Common_Sense': 18, 'Art': 12}",0.48148148148148145,0.5925925925925926
65,66,13.636363636363635,31.818181818181817,54.54545454545454,"{'West_Bengal': 33, 'Odisha': 18, 'Ladakh': 12}","{'Art': 33, 'Rituals_and_Ceremonies': 18, 'Dance_and_Music': 15}",0.5454545454545454,0.5
66,157,40.76433121019109,47.77070063694268,11.464968152866243,"{'Chhattisgarh': 39, 'Himachal_Pradesh': 33, 'West_Bengal': 32}","{'Rituals_and_Ceremonies': 65, 'Festivals': 36, 'Cuisine': 28}",0.5031847133757962,0.4585987261146497
67,93,35.483870967741936,48.38709677419355,16.129032258064516,"{'Tripura': 57, 'Manipur': 36}",{'Tourism': 93},0.6129032258064516,0.25806451612903225
68,87,51.724137931034484,41.37931034482759,6.896551724137931,"{'Assam': 30, 'Madhya_Pradesh': 18, 'Uttar_Pradesh': 15}","{'Art': 69, 'History': 18}",0.5172413793103449,0.6896551724137931
69,84,17.857142857142858,57.14285714285714,25.0,"{'Manipur': 42, 'Chhattisgarh': 36, 'Uttarakhand': 6}","{'Art': 42, 'Festivals': 36, 'Tourism': 3}",0.32142857142857145,0.39285714285714285
70,51,23.52941176470588,29.411764705882355,47.05882352941176,"{'Telangana': 27, 'Mizoram': 24}",{'Tourism': 51},0.7058823529411765,0.7058823529411765
71,174,41.37931034482759,27.586206896551722,31.03448275862069,"{'Sikkim': 105, 'Telangana': 30, 'Arunachal_Pradesh': 27}","{'Tourism': 135, 'Art': 30, 'History': 9}",0.7068965517241379,0.7068965517241379
72,85,44.70588235294118,55.294117647058826,0.0,"{'Assam': 30, 'Himachal_Pradesh': 28, 'Jharkhand': 27}","{'Cultural_Common_Sense': 28, 'Cuisine': 27, 'Dance_and_Music': 27}",0.4117647058823529,0.4117647058823529
73,126,50.79365079365079,19.047619047619047,30.158730158730158,"{'Tripura': 33, 'Telangana': 24, 'Puducherry': 21}","{'History': 54, 'Art': 33, 'Tourism': 24}",0.7301587301587301,0.42857142857142855
74,51,47.05882352941176,52.94117647058824,0.0,"{'Assam': 21, 'Arunachal_Pradesh': 15, 'Delhi': 15}","{'History': 18, 'Festivals': 15, 'Nightlife': 15}",0.35294117647058826,0.47058823529411764
75,51,58.82352941176471,41.17647058823529,0.0,{'Assam': 51},"{'Cuisine': 27, 'Art': 24}",0.47058823529411764,0.5294117647058824
76,150,10.0,36.0,54.0,"{'Sikkim': 66, 'Uttar_Pradesh': 36, 'Manipur': 15}","{'Cultural_Common_Sense': 51, 'History': 36, 'Personalities': 24}",0.62,0.66
77,99,18.181818181818183,21.21212121212121,60.60606060606061,"{'Telangana': 63, 'Rajasthan': 15, 'Delhi': 9}","{'Cultural_Common_Sense': 63, 'Costume': 15, 'Sports': 9}",0.8181818181818182,0.8787878787878788
78,75,40.0,48.0,12.0,"{'Jharkhand': 39, 'Punjab': 21, 'Kerala': 12}","{'Tourism': 42, 'Art': 21, 'Sports': 6}",0.64,0.52
79,57,15.789473684210526,21.052631578947366,63.1578947368421,"{'Tamil_Nadu': 30, 'Uttarakhand': 24, 'Chhattisgarh': 3}","{'Art': 30, 'Tourism': 27}",0.8947368421052632,0.8421052631578947
80,60,3.3333333333333335,21.666666666666668,75.0,"{'Manipur': 36, 'Uttar_Pradesh': 24}","{'Sports': 36, 'History': 24}",0.7666666666666667,0.8333333333333334
81,111,62.16216216216216,37.83783783783784,0.0,{'Jharkhand': 111},{'Cuisine': 111},0.6486486486486487,0.43243243243243246
82,166,45.18072289156627,30.72289156626506,24.096385542168676,"{'Rajasthan': 56, 'Manipur': 39, 'Jharkhand': 33}","{'Dance_and_Music': 90, 'Tourism': 71, 'History': 3}",0.5662650602409639,0.6385542168674698
83,53,66.0377358490566,5.660377358490567,28.30188679245283,"{'Karnataka': 29, 'Telangana': 21, 'Andhra_Pradesh': 3}","{'Dance_and_Music': 29, 'Cultural_Common_Sense': 21, 'Costume': 3}",0.8867924528301887,0.49056603773584906
84,120,35.0,57.49999999999999,7.5,"{'Himachal_Pradesh': 42, 'Goa': 24, 'West_Bengal': 24}","{'Cuisine': 36, 'Cultural_Common_Sense': 24, 'Dance_and_Music': 24}",0.48333333333333334,0.7166666666666667
85,114,37.719298245614034,28.947368421052634,33.33333333333333,"{'Manipur': 43, 'Rajasthan': 34, 'Jammu_kashmir': 18}","{'Tourism': 80, 'Religion': 15, 'Cuisine': 10}",0.631578947368421,0.5964912280701754
86,66,9.090909090909092,22.727272727272727,68.18181818181817,{'Manipur': 66},{'Festivals': 66},0.45454545454545453,0.6363636363636364
87,51,35.294117647058826,0.0,64.70588235294117,"{'Mizoram': 24, 'Telangana': 18, 'Delhi': 9}","{'History': 27, 'Costume': 24}",0.7647058823529411,0.6078431372549019
88,81,33.33333333333333,11.11111111111111,55.55555555555556,"{'Tamil_Nadu': 45, 'Puducherry': 33, 'Odisha': 3}","{'Costume': 45, 'Rituals_and_Ceremonies': 33, 'Cultural_Common_Sense': 3}",0.6666666666666666,0.7407407407407407
89,66,13.636363636363635,36.36363636363637,50.0,"{'Uttar_Pradesh': 42, 'Gujarat': 24}","{'History': 36, 'Festivals': 24, 'Tourism': 6}",0.7727272727272727,0.5909090909090909
90,130,25.384615384615383,53.84615384615385,20.76923076923077,"{'Andhra_Pradesh': 84, 'Tamil_Nadu': 33, 'Kerala': 12}","{'Rituals_and_Ceremonies': 66, 'Dance_and_Music': 39, 'Sports': 18}",0.7846153846153846,0.7692307692307693
91,128,21.09375,30.46875,48.4375,"{'Telangana': 53, 'Maharashtra': 36, 'Himachal_Pradesh': 24}","{'Festivals': 57, 'Cuisine': 24, 'Rituals_and_Ceremonies': 24}",0.40625,0.53125
92,72,15.277777777777779,38.88888888888889,45.83333333333333,"{'Uttar_Pradesh': 48, 'Delhi': 24}","{'History': 51, 'Festivals': 12, 'Tourism': 9}",0.8333333333333334,0.9722222222222222
93,126,61.904761904761905,38.095238095238095,0.0,"{'Chandigarh': 72, 'Delhi': 36, 'Jammu_kashmir': 18}","{'Tourism': 66, 'Festivals': 39, 'History': 18}",0.6428571428571429,0.7619047619047619
94,96,87.5,12.5,0.0,{'Karnataka': 96},"{'Cuisine': 84, 'History': 12}",0.5729166666666666,0.375
95,65,46.15384615384615,21.53846153846154,32.30769230769231,"{'Tripura': 29, 'Arunachal_Pradesh': 21, 'Puducherry': 15}","{'Cuisine': 29, 'Costume': 21, 'Art': 15}",0.27692307692307694,0.23076923076923078
96,72,66.66666666666666,29.166666666666668,4.166666666666666,"{'Arunachal_Pradesh': 24, 'Assam': 24, 'West_Bengal': 18}","{'Costume': 45, 'Art': 24, 'Rituals_and_Ceremonies': 3}",0.5416666666666666,0.25
97,92,32.608695652173914,41.30434782608695,26.08695652173913,"{'Assam': 36, 'Tripura': 33, 'Telangana': 15}","{'History': 48, 'Religion': 24, 'Cultural_Common_Sense': 9}",0.7065217391304348,0.6521739130434783
98,196,73.46938775510205,26.53061224489796,0.0,"{'Jharkhand': 160, 'Karnataka': 21, 'Chandigarh': 15}","{'Festivals': 106, 'Dance_and_Music': 27, 'History': 18}",0.5153061224489796,0.3979591836734694
99,90,40.0,50.0,10.0,"{'Arunachal_Pradesh': 45, 'West_Bengal': 27, 'Puducherry': 18}","{'Tourism': 39, 'Cuisine': 27, 'Cultural_Common_Sense': 18}",0.7333333333333333,0.8
100,111,29.72972972972973,62.16216216216216,8.108108108108109,"{'Himachal_Pradesh': 36, 'Mizoram': 27, 'Madhya_Pradesh': 21}","{'Festivals': 48, 'Rituals_and_Ceremonies': 33, 'Tourism': 27}",0.4594594594594595,0.5405405405405406
101,106,37.735849056603776,19.81132075471698,42.45283018867924,"{'Karnataka': 40, 'Mizoram': 36, 'Tripura': 27}","{'Cultural_Common_Sense': 78, 'Rituals_and_Ceremonies': 21, 'Tourism': 6}",0.7169811320754716,0.5377358490566038
102,106,21.69811320754717,49.056603773584904,29.245283018867923,"{'Mizoram': 47, 'Himachal_Pradesh': 30, 'Telangana': 17}","{'Dance_and_Music': 47, 'Festivals': 30, 'Tourism': 29}",0.42452830188679247,0.5
103,51,35.294117647058826,47.05882352941176,17.647058823529413,"{'Punjab': 21, 'Nagaland': 15, 'Maharashtra': 15}","{'Cultural_Common_Sense': 30, 'History': 21}",0.8823529411764706,0.7647058823529411
104,59,10.16949152542373,49.152542372881356,40.67796610169492,"{'Uttarakhand': 41, 'Punjab': 18}","{'Dance_and_Music': 57, 'Language': 2}",0.5932203389830508,0.6440677966101694
105,116,28.448275862068968,12.931034482758621,58.620689655172406,"{'Telangana': 80, 'Andhra_Pradesh': 21, 'Karnataka': 15}","{'Festivals': 59, 'Rituals_and_Ceremonies': 30, 'History': 18}",0.7241379310344828,0.5948275862068966
106,142,12.676056338028168,30.28169014084507,57.04225352112676,"{'Manipur': 141, 'Mizoram': 1}","{'Tourism': 136, 'Cultural_Common_Sense': 6}",0.6619718309859155,0.6197183098591549
107,63,19.047619047619047,23.809523809523807,57.14285714285714,"{'West_Bengal': 36, 'Manipur': 27}","{'Tourism': 60, 'History': 3}",0.8095238095238095,0.7142857142857143
108,129,74.4186046511628,25.581395348837212,0.0,{'Dadra_and_Nagar_Haveli_and_Daman_and_Diu': 129},"{'Tourism': 108, 'Cultural_Common_Sense': 15, 'Sports': 6}",0.37209302325581395,0.3488372093023256
109,144,75.0,25.0,0.0,"{'Dadra_and_Nagar_Haveli_and_Daman_and_Diu': 102, 'Goa': 42}","{'Tourism': 75, 'History': 45, 'Cultural_Common_Sense': 24}",0.6875,0.5
110,90,22.22222222222222,56.666666666666664,21.11111111111111,"{'Goa': 27, 'Gujarat': 27, 'Puducherry': 24}","{'Festivals': 27, 'Art': 24, 'Rituals_and_Ceremonies': 24}",0.7444444444444445,0.6
111,124,29.03225806451613,36.29032258064516,34.67741935483871,"{'Manipur': 39, 'Tamil_Nadu': 36, 'Punjab': 22}","{'Religion': 36, 'Cultural_Common_Sense': 36, 'Language': 22}",0.5725806451612904,0.7096774193548387
112,101,79.20792079207921,17.82178217821782,2.9702970297029703,"{'Haryana': 95, 'Andaman_and_Nicobar': 3, 'Rajasthan': 3}","{'Rituals_and_Ceremonies': 77, 'Cultural_Common_Sense': 18, 'Language': 3}",0.594059405940594,0.5544554455445545
113,114,19.298245614035086,80.7017543859649,0.0,{'Haryana': 114},"{'Language': 92, 'Rituals_and_Ceremonies': 22}",0.7807017543859649,0.8947368421052632
114,60,45.0,10.0,45.0,"{'Rajasthan': 39, 'Assam': 20, 'Karnataka': 1}","{'Dance_and_Music': 34, 'Cuisine': 18, 'Rituals_and_Ceremonies': 5}",0.7166666666666667,0.5333333333333333
115,108,42.592592592592595,57.407407407407405,0.0,"{'Delhi': 66, 'Chandigarh': 42}","{'Rituals_and_Ceremonies': 51, 'History': 36, 'Tourism': 12}",0.6944444444444444,0.7962962962962963
116,96,6.25,31.25,62.5,"{'Odisha': 48, 'Telangana': 18, 'Bihar': 15}","{'Tourism': 66, 'Cultural_Common_Sense': 12, 'Cuisine': 9}",0.71875,0.875
117,55,25.454545454545453,9.090909090909092,65.45454545454545,"{'Telangana': 53, 'Goa': 2}",{'Tourism': 55},0.7454545454545455,0.6181818181818182
118,66,40.909090909090914,31.818181818181817,27.27272727272727,{'Sikkim': 66},{'Tourism': 66},0.5,0.7727272727272727
119,57,31.57894736842105,63.1578947368421,5.263157894736842,"{'Jharkhand': 42, 'Manipur': 12, 'Odisha': 3}","{'Personalities': 30, 'Sports': 27}",0.631578947368421,0.5263157894736842
120,54,22.22222222222222,27.77777777777778,50.0,"{'Maharashtra': 27, 'Odisha': 21, 'Dadra_and_Nagar_Haveli_and_Daman_and_Diu': 6}","{'Festivals': 39, 'Costume': 15}",0.6666666666666666,0.6666666666666666
121,108,22.22222222222222,25.0,52.77777777777778,"{'Rajasthan': 27, 'Puducherry': 24, 'Tripura': 18}","{'Art': 63, 'Festivals': 27, 'Tourism': 18}",0.5648148148148148,0.5925925925925926
122,57,10.526315789473683,89.47368421052632,0.0,{'Himachal_Pradesh': 57},{'Festivals': 57},0.5263157894736842,0.47368421052631576
123,56,5.357142857142857,30.357142857142854,64.28571428571429,"{'Manipur': 30, 'Uttar_Pradesh': 24, 'Andaman_and_Nicobar': 2}","{'Tourism': 30, 'Festivals': 26}",0.6785714285714286,0.7857142857142857
124,105,54.285714285714285,11.428571428571429,34.285714285714285,"{'Sikkim': 84, 'Chandigarh': 21}",{'Tourism': 105},0.7142857142857143,0.4857142857142857
125,63,38.095238095238095,19.047619047619047,42.857142857142854,"{'Sikkim': 24, 'Puducherry': 21, 'Telangana': 18}","{'Tourism': 42, 'History': 21}",0.6666666666666666,0.6190476190476191
126,52,7.6923076923076925,5.769230769230769,86.53846153846155,{'Telangana': 52},"{'Tourism': 34, 'History': 18}",0.8653846153846154,0.8076923076923077
127,115,62.60869565217392,36.52173913043478,0.8695652173913043,"{'Arunachal_Pradesh': 102, 'Haryana': 12, 'Nagaland': 1}","{'Language': 103, 'Cuisine': 12}",0.6869565217391305,0.7652173913043478
128,108,11.11111111111111,33.33333333333333,55.55555555555556,"{'Telangana': 39, 'Uttar_Pradesh': 33, 'Himachal_Pradesh': 24}","{'Cuisine': 57, 'Tourism': 39, 'Cultural_Common_Sense': 12}",0.8055555555555556,0.8611111111111112
129,111,25.225225225225223,29.72972972972973,45.04504504504504,"{'Telangana': 41, 'Punjab': 33, 'Meghalaya': 21}","{'Costume': 34, 'Personalities': 23, 'Tourism': 21}",0.5675675675675675,0.6126126126126126
130,80,82.5,17.5,0.0,{'Jharkhand': 80},"{'History': 72, 'Cultural_Common_Sense': 6, 'Personalities': 2}",0.45,0.2625
131,86,34.883720930232556,54.65116279069767,10.465116279069768,"{'Uttarakhand': 53, 'Tripura': 21, 'Andhra_Pradesh': 12}","{'Cuisine': 53, 'Tourism': 21, 'History': 12}",0.6976744186046512,0.37209302325581395
132,81,22.22222222222222,55.55555555555556,22.22222222222222,"{'Delhi': 48, 'Telangana': 21, 'Puducherry': 12}","{'Personalities': 42, 'Cuisine': 21, 'Tourism': 12}",0.5185185185185185,0.5555555555555556
133,86,33.72093023255814,10.465116279069768,55.81395348837209,"{'Telangana': 54, 'Andhra_Pradesh': 18, 'Haryana': 14}","{'History': 54, 'Costume': 18, 'Personalities': 14}",0.7325581395348837,0.7325581395348837
134,81,27.160493827160494,32.098765432098766,40.74074074074074,"{'Telangana': 21, 'Delhi': 18, 'Madhya_Pradesh': 15}","{'History': 45, 'Cultural_Common_Sense': 21, 'Festivals': 15}",0.6172839506172839,0.6419753086419753
135,63,42.857142857142854,38.095238095238095,19.047619047619047,"{'Tripura': 33, 'Mizoram': 30}","{'Cuisine': 33, 'Tourism': 30}",0.47619047619047616,0.3333333333333333
136,52,46.15384615384615,53.84615384615385,0.0,"{'Dadra_and_Nagar_Haveli_and_Daman_and_Diu': 42, 'Manipur': 9, 'Gujarat': 1}","{'Tourism': 43, 'Personalities': 9}",0.36538461538461536,0.5961538461538461
137,100,20.0,25.0,55.00000000000001,"{'Telangana': 64, 'Bihar': 30, 'Andhra_Pradesh': 3}","{'Cuisine': 94, 'Language': 3, 'Rituals_and_Ceremonies': 2}",0.84,0.76
138,66,27.27272727272727,40.909090909090914,31.818181818181817,"{'West_Bengal': 42, 'Andhra_Pradesh': 18, 'Uttarakhand': 6}","{'Art': 33, 'Festivals': 18, 'Costume': 6}",0.25757575757575757,0.42424242424242425
139,213,29.577464788732392,33.80281690140845,36.61971830985916,"{'Rajasthan': 55, 'Arunachal_Pradesh': 42, 'Manipur': 35}","{'Tourism': 119, 'History': 87, 'Cuisine': 3}",0.7464788732394366,0.7464788732394366
140,63,9.523809523809524,19.047619047619047,71.42857142857143,"{'Tamil_Nadu': 54, 'Goa': 9}","{'Art': 27, 'History': 24, 'Nightlife': 9}",0.8571428571428571,0.9047619047619048
141,125,42.4,30.4,27.200000000000003,"{'Uttar_Pradesh': 45, 'Lakshadweep': 42, 'Odisha': 25}","{'Tourism': 43, 'Personalities': 36, 'Language': 20}",0.752,0.696
142,51,54.90196078431373,29.411764705882355,15.686274509803921,"{'Karnataka': 43, 'Tamil_Nadu': 8}","{'Cultural_Common_Sense': 20, 'History': 16, 'Personalities': 9}",0.8431372549019608,0.803921568627451
143,128,34.375,37.5,28.125,"{'Puducherry': 77, 'Goa': 51}","{'Religion': 77, 'Festivals': 39, 'Personalities': 6}",0.484375,0.4453125
144,95,36.84210526315789,21.052631578947366,42.10526315789473,"{'Odisha': 35, 'Mizoram': 30, 'Madhya_Pradesh': 15}","{'Tourism': 89, 'Rituals_and_Ceremonies': 6}",0.8631578947368421,0.8526315789473684
145,72,20.833333333333336,4.166666666666666,75.0,{'Telangana': 72},{'Tourism': 72},0.8333333333333334,0.5416666666666666
146,54,50.0,33.33333333333333,16.666666666666664,"{'Meghalaya': 21, 'Karnataka': 15, 'Chhattisgarh': 15}","{'Tourism': 39, 'Cultural_Common_Sense': 15}",0.5555555555555556,0.6666666666666666
147,118,58.47457627118644,30.508474576271187,11.016949152542372,"{'Arunachal_Pradesh': 30, 'Tamil_Nadu': 27, 'Punjab': 24}","{'Tourism': 36, 'Rituals_and_Ceremonies': 27, 'Dance_and_Music': 24}",0.5677966101694916,0.4661016949152542
148,99,15.151515151515152,52.52525252525253,32.323232323232325,"{'West_Bengal': 36, 'Jammu_kashmir': 24, 'Punjab': 15}","{'Art': 96, 'Tourism': 3}",0.696969696969697,0.8484848484848485
149,129,13.953488372093023,20.930232558139537,65.11627906976744,"{'Odisha': 75, 'Maharashtra': 39, 'Madhya_Pradesh': 9}","{'Tourism': 69, 'History': 48, 'Rituals_and_Ceremonies': 6}",0.8604651162790697,0.8837209302325582
150,51,23.52941176470588,23.52941176470588,52.94117647058824,"{'Maharashtra': 30, 'Uttarakhand': 18, 'Bihar': 3}","{'History': 33, 'Tourism': 18}",1.0,1.0
151,89,1.1235955056179776,15.730337078651685,83.14606741573034,"{'Nagaland': 51, 'Mizoram': 38}","{'Religion': 82, 'History': 3, 'Language': 3}",0.7640449438202247,0.8202247191011236
152,213,39.436619718309856,25.821596244131456,34.74178403755869,"{'Tamil_Nadu': 81, 'Tripura': 42, 'Andaman_and_Nicobar': 27}","{'Cuisine': 108, 'Personalities': 38, 'Cultural_Common_Sense': 24}",0.647887323943662,0.6103286384976526
153,114,15.789473684210526,5.263157894736842,78.94736842105263,"{'Telangana': 108, 'Andhra_Pradesh': 6}",{'Tourism': 114},0.6578947368421053,0.6228070175438597
154,96,8.333333333333332,41.66666666666667,50.0,"{'Sikkim': 24, 'Odisha': 21, 'Delhi': 20}","{'Art': 30, 'Cultural_Common_Sense': 29, 'Tourism': 26}",0.8645833333333334,0.9270833333333334
155,81,25.925925925925924,29.629629629629626,44.44444444444444,"{'Tripura': 30, 'Uttar_Pradesh': 27, 'Maharashtra': 24}","{'Cultural_Common_Sense': 33, 'Festivals': 27, 'Dance_and_Music': 9}",0.6296296296296297,0.5555555555555556
156,75,32.0,12.0,56.00000000000001,"{'Manipur': 66, 'Arunachal_Pradesh': 9}","{'Cultural_Common_Sense': 42, 'Language': 33}",0.8,0.8
157,187,32.0855614973262,58.288770053475936,9.62566844919786,"{'Delhi': 99, 'Uttar_Pradesh': 39, 'Tripura': 30}","{'Personalities': 117, 'Cultural_Common_Sense': 48, 'History': 12}",0.6577540106951871,0.6149732620320856
158,153,47.05882352941176,11.76470588235294,41.17647058823529,"{'Telangana': 99, 'Uttarakhand': 18, 'Dadra_and_Nagar_Haveli_and_Daman_and_Diu': 12}","{'Tourism': 45, 'Art': 36, 'Religion': 27}",0.7450980392156863,0.6274509803921569
159,72,20.833333333333336,70.83333333333334,8.333333333333332,"{'Tripura': 57, 'Himachal_Pradesh': 15}","{'Cuisine': 57, 'History': 12, 'Tourism': 3}",0.375,0.625
160,109,65.13761467889908,18.34862385321101,16.51376146788991,"{'Haryana': 57, 'Tamil_Nadu': 24, 'Gujarat': 15}","{'History': 85, 'Tourism': 24}",0.6788990825688074,0.5963302752293578
161,99,48.484848484848484,51.515151515151516,0.0,"{'Jammu_kashmir': 36, 'Tamil_Nadu': 24, 'Himachal_Pradesh': 18}","{'Cultural_Common_Sense': 39, 'Rituals_and_Ceremonies': 30, 'Cuisine': 30}",0.696969696969697,0.6666666666666666
162,96,50.0,18.75,31.25,"{'Uttar_Pradesh': 42, 'Manipur': 36, 'Arunachal_Pradesh': 15}","{'Dance_and_Music': 69, 'Rituals_and_Ceremonies': 15, 'Tourism': 9}",0.6875,0.78125
163,86,0.0,86.04651162790698,13.953488372093023,"{'Tripura': 85, 'Andaman_and_Nicobar': 1}","{'Cultural_Common_Sense': 61, 'Language': 24, 'History': 1}",0.6162790697674418,0.7209302325581395
164,154,7.792207792207792,79.87012987012987,12.337662337662337,"{'Tripura': 151, 'Karnataka': 3}","{'History': 123, 'Cultural_Common_Sense': 30, 'Personalities': 1}",0.6688311688311688,0.7402597402597403
165,68,64.70588235294117,35.294117647058826,0.0,{'Lakshadweep': 68},"{'Tourism': 56, 'Cultural_Common_Sense': 9, 'Rituals_and_Ceremonies': 3}",0.7352941176470589,0.6029411764705882
166,135,71.85185185185186,15.555555555555555,12.592592592592592,"{'Dadra_and_Nagar_Haveli_and_Daman_and_Diu': 81, 'Odisha': 17, 'Kerala': 15}","{'Tourism': 123, 'Cultural_Common_Sense': 9, 'History': 3}",0.6444444444444445,0.4222222222222222
167,183,53.00546448087432,31.693989071038253,15.300546448087433,"{'Jharkhand': 142, 'Tamil_Nadu': 33, 'Andhra_Pradesh': 6}","{'History': 110, 'Art': 33, 'Cultural_Common_Sense': 21}",0.5027322404371585,0.5519125683060109
168,68,29.411764705882355,22.058823529411764,48.529411764705884,"{'Telangana': 54, 'Delhi': 9, 'Himachal_Pradesh': 3}","{'Art': 47, 'History': 21}",0.7794117647058824,0.6176470588235294
169,54,5.555555555555555,50.0,44.44444444444444,{'Uttarakhand': 54},{'Dance_and_Music': 54},0.6111111111111112,0.8333333333333334
170,125,47.199999999999996,36.0,16.8,"{'Delhi': 65, 'Odisha': 30, 'Bihar': 24}","{'Tourism': 38, 'Art': 36, 'Language': 27}",0.616,0.528
171,81,85.18518518518519,3.7037037037037033,11.11111111111111,"{'Kerala': 57, 'Tamil_Nadu': 24}","{'Costume': 78, 'Tourism': 3}",0.7407407407407407,0.4444444444444444
172,59,10.16949152542373,55.932203389830505,33.89830508474576,"{'Uttarakhand': 35, 'Ladakh': 24}","{'Dance_and_Music': 57, 'Cultural_Common_Sense': 2}",0.559322033898305,0.5084745762711864
173,62,38.70967741935484,46.774193548387096,14.516129032258066,"{'Nagaland': 41, 'Arunachal_Pradesh': 15, 'Jharkhand': 2}",{'Cuisine': 62},0.45161290322580644,0.3870967741935484
174,103,68.93203883495146,31.06796116504854,0.0,"{'Gujarat': 79, 'Delhi': 15, 'Haryana': 6}","{'Dance_and_Music': 53, 'Festivals': 18, 'Cultural_Common_Sense': 15}",0.7766990291262136,0.5728155339805825
175,152,19.078947368421055,29.605263157894733,51.31578947368421,"{'Telangana': 78, 'Gujarat': 27, 'Tripura': 27}","{'Tourism': 78, 'Cultural_Common_Sense': 28, 'Festivals': 24}",0.5986842105263158,0.6513157894736842
176,123,17.88617886178862,4.0650406504065035,78.04878048780488,{'West_Bengal': 123},"{'Festivals': 88, 'Rituals_and_Ceremonies': 29, 'History': 3}",0.8373983739837398,0.8292682926829268
177,147,26.53061224489796,72.78911564625851,0.6802721088435374,"{'Himachal_Pradesh': 55, 'Chhattisgarh': 48, 'Madhya_Pradesh': 21}","{'Festivals': 103, 'Rituals_and_Ceremonies': 24, 'Art': 13}",0.6870748299319728,0.6666666666666666
178,318,39.62264150943396,23.89937106918239,36.477987421383645,"{'Telangana': 78, 'Sikkim': 42, 'Nagaland': 39}","{'Tourism': 229, 'Rituals_and_Ceremonies': 38, 'Dance_and_Music': 30}",0.6415094339622641,0.6698113207547169
179,58,79.3103448275862,20.689655172413794,0.0,{'Karnataka': 58},"{'Cultural_Common_Sense': 34, 'Festivals': 18, 'History': 6}",0.46551724137931033,0.46551724137931033
180,63,9.523809523809524,57.14285714285714,33.33333333333333,"{'Gujarat': 28, 'Nagaland': 27, 'Delhi': 4}","{'History': 27, 'Festivals': 15, 'Cultural_Common_Sense': 13}",0.6666666666666666,0.6666666666666666
181,52,53.84615384615385,17.307692307692307,28.846153846153843,"{'Tamil_Nadu': 18, 'West_Bengal': 12, 'Jharkhand': 9}","{'Costume': 35, 'Religion': 8, 'Rituals_and_Ceremonies': 6}",0.6346153846153846,0.6153846153846154
182,97,43.29896907216495,27.835051546391753,28.865979381443296,"{'Madhya_Pradesh': 39, 'Odisha': 37, 'Delhi': 12}","{'Tourism': 70, 'History': 27}",0.4639175257731959,0.5257731958762887
183,141,57.446808510638306,27.659574468085108,14.893617021276595,"{'Andhra_Pradesh': 39, 'Ladakh': 36, 'Meghalaya': 21}","{'Art': 87, 'Sports': 36, 'History': 15}",0.6808510638297872,0.48936170212765956
184,80,27.500000000000004,60.0,12.5,{'Nagaland': 80},"{'Festivals': 68, 'Rituals_and_Ceremonies': 10, 'Cultural_Common_Sense': 1}",0.625,0.6375
185,113,57.52212389380531,23.893805309734514,18.58407079646018,"{'Assam': 54, 'Telangana': 15, 'Arunachal_Pradesh': 15}","{'Art': 93, 'History': 17, 'Cultural_Common_Sense': 3}",0.8141592920353983,0.7168141592920354
186,95,51.578947368421055,32.631578947368425,15.789473684210526,"{'Andhra_Pradesh': 31, 'Bihar': 21, 'Uttar_Pradesh': 21}","{'Art': 76, 'Costume': 15, 'Cultural_Common_Sense': 4}",0.7473684210526316,0.6421052631578947
187,60,60.0,20.0,20.0,"{'Uttarakhand': 24, 'Himachal_Pradesh': 18, 'Rajasthan': 18}","{'Costume': 57, 'Rituals_and_Ceremonies': 3}",0.7,0.65
188,54,61.111111111111114,38.88888888888889,0.0,"{'Dadra_and_Nagar_Haveli_and_Daman_and_Diu': 33, 'Jharkhand': 20, 'Madhya_Pradesh': 1}","{'Cultural_Common_Sense': 33, 'Cuisine': 21}",0.3888888888888889,0.37037037037037035
189,64,65.625,34.375,0.0,"{'Arunachal_Pradesh': 57, 'Andhra_Pradesh': 6, 'Nagaland': 1}","{'Art': 40, 'Tourism': 24}",0.5625,0.484375
190,116,89.65517241379311,10.344827586206897,0.0,"{'Karnataka': 114, 'Kerala': 2}","{'Dance_and_Music': 89, 'Cultural_Common_Sense': 15, 'Personalities': 9}",0.7327586206896551,0.6293103448275862
191,203,36.94581280788177,27.586206896551722,35.467980295566505,"{'Nagaland': 65, 'Meghalaya': 48, 'Sikkim': 24}","{'Art': 199, 'Cultural_Common_Sense': 3, 'Dance_and_Music': 1}",0.7438423645320197,0.6945812807881774
192,117,56.41025641025641,35.8974358974359,7.6923076923076925,"{'Lakshadweep': 39, 'Arunachal_Pradesh': 21, 'Kerala': 19}","{'Dance_and_Music': 87, 'Costume': 14, 'Festivals': 9}",0.5555555555555556,0.5128205128205128
193,60,30.0,13.333333333333334,56.666666666666664,"{'West_Bengal': 45, 'Arunachal_Pradesh': 12, 'Gujarat': 2}","{'Festivals': 40, 'Dance_and_Music': 18, 'Tourism': 2}",0.75,0.6
194,71,90.14084507042254,9.859154929577464,0.0,"{'Kerala': 36, 'Uttar_Pradesh': 29, 'Andhra_Pradesh': 3}","{'Dance_and_Music': 64, 'Costume': 3, 'Tourism': 3}",0.7464788732394366,0.5352112676056338
195,63,19.047619047619047,25.396825396825395,55.55555555555556,"{'Sikkim': 37, 'Gujarat': 20, 'Meghalaya': 5}","{'Religion': 36, 'History': 23, 'Tourism': 2}",0.6666666666666666,0.47619047619047616
196,121,33.057851239669425,44.62809917355372,22.31404958677686,{'Nagaland': 121},"{'Cultural_Common_Sense': 51, 'History': 24, 'Rituals_and_Ceremonies': 16}",0.6611570247933884,0.8264462809917356
197,69,68.11594202898551,1.4492753623188406,30.434782608695656,{'Nagaland': 69},"{'Dance_and_Music': 62, 'Cultural_Common_Sense': 3, 'Art': 3}",0.9565217391304348,0.8260869565217391
198,85,42.35294117647059,38.82352941176471,18.823529411764707,"{'Sikkim': 34, 'Arunachal_Pradesh': 24, 'Assam': 24}","{'Art': 42, 'Dance_and_Music': 21, 'Costume': 12}",0.611764705882353,0.6823529411764706
199,130,62.30769230769231,37.69230769230769,0.0,"{'Jharkhand': 128, 'Gujarat': 2}","{'Cuisine': 128, 'Rituals_and_Ceremonies': 2}",0.5692307692307692,0.6153846153846154
200,92,29.347826086956523,54.347826086956516,16.304347826086957,"{'Tripura': 28, 'Assam': 24, 'Himachal_Pradesh': 24}",{'Cuisine': 92},0.6304347826086957,0.6630434782608695
201,56,37.5,46.42857142857143,16.071428571428573,{'Sikkim': 56},{'Cuisine': 56},0.7857142857142857,0.8928571428571429
202,63,47.61904761904761,52.38095238095239,0.0,"{'Puducherry': 35, 'Himachal_Pradesh': 27, 'Andaman_and_Nicobar': 1}","{'Cultural_Common_Sense': 43, 'History': 20}",0.9047619047619048,0.6984126984126984
203,86,10.465116279069768,55.81395348837209,33.72093023255814,"{'Punjab': 66, 'Manipur': 15, 'Gujarat': 3}","{'Dance_and_Music': 75, 'Rituals_and_Ceremonies': 9, 'Festivals': 2}",0.5465116279069767,0.6162790697674418
204,348,12.643678160919542,54.02298850574713,33.33333333333333,"{'Meghalaya': 165, 'Tripura': 45, 'Himachal_Pradesh': 40}","{'Dance_and_Music': 174, 'Festivals': 61, 'Rituals_and_Ceremonies': 56}",0.6609195402298851,0.6810344827586207
205,105,68.57142857142857,19.047619047619047,12.380952380952381,"{'Madhya_Pradesh': 87, 'Telangana': 15, 'Andhra_Pradesh': 3}","{'History': 39, 'Tourism': 36, 'Cultural_Common_Sense': 30}",0.6571428571428571,0.5904761904761905
206,61,40.98360655737705,19.672131147540984,39.34426229508197,"{'Sikkim': 39, 'Arunachal_Pradesh': 18, 'Himachal_Pradesh': 3}","{'Art': 43, 'Cultural_Common_Sense': 18}",0.5901639344262295,0.4918032786885246
207,95,21.052631578947366,25.263157894736842,53.68421052631579,"{'Odisha': 57, 'Uttarakhand': 36, 'Rajasthan': 2}","{'Language': 33, 'Dance_and_Music': 32, 'Art': 15}",0.9052631578947369,0.8105263157894737
208,53,86.79245283018868,13.20754716981132,0.0,"{'Andhra_Pradesh': 52, 'Madhya_Pradesh': 1}","{'Art': 33, 'Costume': 18, 'Tourism': 1}",0.6981132075471698,0.5849056603773585
209,84,63.095238095238095,36.904761904761905,0.0,"{'Delhi': 63, 'Jharkhand': 21}","{'History': 30, 'Festivals': 30, 'Tourism': 15}",0.5595238095238095,0.47619047619047616
210,131,18.3206106870229,49.61832061068702,32.06106870229007,{'Nagaland': 131},"{'Costume': 71, 'Art': 54, 'Cultural_Common_Sense': 3}",0.6946564885496184,0.8396946564885496
211,82,63.41463414634146,25.609756097560975,10.975609756097562,"{'Arunachal_Pradesh': 24, 'Kerala': 21, 'Tamil_Nadu': 21}","{'Festivals': 33, 'Tourism': 30, 'History': 12}",0.926829268292683,0.6951219512195121
212,55,32.72727272727273,7.2727272727272725,60.0,"{'Tripura': 36, 'Dadra_and_Nagar_Haveli_and_Daman_and_Diu': 18, 'Andaman_and_Nicobar': 1}","{'Dance_and_Music': 42, 'Cultural_Common_Sense': 7, 'Festivals': 6}",0.7272727272727273,0.6727272727272727
213,96,75.0,21.875,3.125,"{'Gujarat': 48, 'Dadra_and_Nagar_Haveli_and_Daman_and_Diu': 36, 'Andhra_Pradesh': 6}","{'Language': 87, 'Rituals_and_Ceremonies': 9}",0.6145833333333334,0.5625
214,194,32.98969072164948,15.979381443298967,51.03092783505154,"{'Tamil_Nadu': 79, 'Karnataka': 63, 'Punjab': 22}","{'Language': 186, 'Cultural_Common_Sense': 3, 'Rituals_and_Ceremonies': 3}",0.8969072164948454,0.8608247422680413
215,83,45.78313253012048,54.21686746987952,0.0,{'Sikkim': 83},"{'Language': 76, 'Cultural_Common_Sense': 7}",0.8313253012048193,0.8192771084337349
216,131,33.587786259541986,32.06106870229007,34.35114503816794,{'Sikkim': 131},"{'History': 41, 'Religion': 30, 'Rituals_and_Ceremonies': 28}",0.6183206106870229,0.6183206106870229
217,72,34.72222222222222,11.11111111111111,54.166666666666664,"{'Sikkim': 47, 'Andhra_Pradesh': 9, 'Jammu_kashmir': 6}",{'Art': 72},0.8472222222222222,0.7916666666666666
218,54,0.0,38.88888888888889,61.111111111111114,"{'Tripura': 42, 'Karnataka': 12}","{'Religion': 39, 'Tourism': 9, 'Festivals': 6}",0.5555555555555556,0.8333333333333334
219,519,57.61078998073218,32.5626204238921,9.826589595375722,"{'Andhra_Pradesh': 94, 'West_Bengal': 57, 'Arunachal_Pradesh': 45}","{'Costume': 416, 'Art': 29, 'Cultural_Common_Sense': 27}",0.649325626204239,0.6435452793834296
220,116,56.03448275862068,23.275862068965516,20.689655172413794,"{'Jharkhand': 36, 'Rajasthan': 30, 'Bihar': 27}","{'Art': 101, 'Cultural_Common_Sense': 3, 'Festivals': 3}",0.6379310344827587,0.46551724137931033
221,334,36.227544910179645,56.886227544910184,6.88622754491018,"{'Andaman_and_Nicobar': 266, 'Odisha': 23, 'Uttar_Pradesh': 22}","{'Cultural_Common_Sense': 76, 'Tourism': 71, 'Art': 63}",0.5808383233532934,0.5538922155688623
222,68,14.705882352941178,30.88235294117647,54.41176470588235,"{'Tamil_Nadu': 37, 'Uttarakhand': 31}",{'Cuisine': 68},0.7352941176470589,0.8088235294117647
223,105,12.380952380952381,47.61904761904761,40.0,"{'Rajasthan': 41, 'Haryana': 26, 'Odisha': 18}","{'Cuisine': 103, 'Language': 2}",0.7142857142857143,0.7714285714285715
224,89,16.853932584269664,79.7752808988764,3.3707865168539324,"{'Punjab': 63, 'Arunachal_Pradesh': 6, 'Himachal_Pradesh': 6}","{'Rituals_and_Ceremonies': 49, 'Dance_and_Music': 30, 'Cultural_Common_Sense': 3}",0.3146067415730337,0.6629213483146067
225,377,54.37665782493368,24.40318302387268,21.220159151193634,"{'Andhra_Pradesh': 84, 'Tamil_Nadu': 39, 'West_Bengal': 39}","{'Costume': 354, 'Cultural_Common_Sense': 17, 'Art': 6}",0.753315649867374,0.6870026525198939
226,67,28.35820895522388,55.223880597014926,16.417910447761194,"{'Assam': 45, 'Manipur': 17, 'Chhattisgarh': 3}","{'Costume': 45, 'Art': 19, 'Tourism': 3}",0.7164179104477612,0.5970149253731343
227,185,28.64864864864865,14.054054054054054,57.2972972972973,"{'Telangana': 86, 'Andhra_Pradesh': 30, 'Tamil_Nadu': 27}","{'Costume': 92, 'Art': 84, 'Rituals_and_Ceremonies': 4}",0.8810810810810811,0.7783783783783784
228,61,47.540983606557376,52.459016393442624,0.0,"{'Jammu_kashmir': 33, 'Ladakh': 21, 'Himachal_Pradesh': 6}","{'Costume': 42, 'Art': 16, 'Cultural_Common_Sense': 2}",0.8032786885245902,0.5737704918032787
229,228,34.64912280701755,64.47368421052632,0.8771929824561403,"{'Chhattisgarh': 222, 'Bihar': 3, 'Rajasthan': 2}","{'Dance_and_Music': 84, 'Festivals': 39, 'Art': 26}",0.42105263157894735,0.32456140350877194
230,74,43.24324324324324,44.5945945945946,12.162162162162163,"{'Uttarakhand': 57, 'Karnataka': 15, 'Jammu_kashmir': 1}","{'Cuisine': 73, 'Tourism': 1}",0.7162162162162162,0.4189189189189189
231,54,0.0,33.33333333333333,66.66666666666666,"{'Mizoram': 53, 'Meghalaya': 1}","{'Art': 36, 'History': 18}",0.7592592592592593,0.9074074074074074
232,62,9.67741935483871,38.70967741935484,51.61290322580645,{'Rajasthan': 62},"{'Cuisine': 58, 'Rituals_and_Ceremonies': 4}",0.9032258064516129,0.7096774193548387
233,66,0.0,65.15151515151516,34.84848484848485,{'Meghalaya': 66},"{'History': 65, 'Cultural_Common_Sense': 1}",0.8181818181818182,0.9090909090909091
234,144,33.33333333333333,13.88888888888889,52.77777777777778,"{'Tamil_Nadu': 63, 'Meghalaya': 44, 'Andhra_Pradesh': 15}","{'Dance_and_Music': 48, 'Language': 34, 'Cultural_Common_Sense': 31}",0.8611111111111112,0.7013888888888888
235,63,17.46031746031746,82.53968253968253,0.0,"{'Himachal_Pradesh': 52, 'Arunachal_Pradesh': 11}","{'Cuisine': 58, 'Tourism': 3, 'Cultural_Common_Sense': 2}",0.31746031746031744,0.4444444444444444
236,107,20.5607476635514,77.57009345794393,1.8691588785046727,"{'Haryana': 93, 'Jharkhand': 6, 'Sikkim': 3}","{'Cuisine': 106, 'Language': 1}",0.4953271028037383,0.5420560747663551
237,88,36.36363636363637,27.27272727272727,36.36363636363637,"{'Uttar_Pradesh': 39, 'West_Bengal': 24, 'Chhattisgarh': 6}","{'Cuisine': 75, 'Rituals_and_Ceremonies': 5, 'Tourism': 5}",0.7045454545454546,0.7045454545454546
238,55,32.72727272727273,65.45454545454545,1.8181818181818181,"{'Haryana': 54, 'Uttarakhand': 1}","{'Language': 45, 'Cultural_Common_Sense': 9, 'Dance_and_Music': 1}",0.5636363636363636,0.23636363636363636
239,77,18.181818181818183,11.688311688311687,70.12987012987013,"{'Tamil_Nadu': 69, 'Andhra_Pradesh': 7, 'Kerala': 1}","{'Tourism': 28, 'Art': 27, 'Religion': 15}",0.8831168831168831,0.8701298701298701
240,52,48.07692307692308,50.0,1.9230769230769231,"{'Chandigarh': 40, 'Gujarat': 6, 'Chhattisgarh': 4}","{'Cuisine': 45, 'Tourism': 6, 'Rituals_and_Ceremonies': 1}",0.5769230769230769,0.4423076923076923
241,215,10.232558139534884,75.34883720930232,14.418604651162791,"{'Uttarakhand': 164, 'Bihar': 15, 'Uttar_Pradesh': 9}","{'Cuisine': 176, 'Festivals': 18, 'Cultural_Common_Sense': 9}",0.586046511627907,0.7488372093023256
242,92,9.782608695652174,18.478260869565215,71.73913043478261,"{'Odisha': 66, 'Karnataka': 12, 'Lakshadweep': 3}","{'Cultural_Common_Sense': 42, 'Rituals_and_Ceremonies': 30, 'Festivals': 15}",0.9130434782608695,0.9130434782608695
243,53,13.20754716981132,35.84905660377358,50.943396226415096,"{'Tamil_Nadu': 52, 'Kerala': 1}","{'Religion': 46, 'Cultural_Common_Sense': 4, 'Tourism': 3}",0.9056603773584906,0.8867924528301887
244,94,7.446808510638298,52.12765957446809,40.42553191489361,"{'Odisha': 54, 'Tripura': 33, 'Delhi': 2}","{'Cultural_Common_Sense': 81, 'Tourism': 6, 'History': 3}",0.6382978723404256,0.6914893617021277
245,338,33.72781065088758,23.668639053254438,42.60355029585799,"{'Telangana': 78, 'Odisha': 40, 'Assam': 39}","{'Religion': 159, 'Cultural_Common_Sense': 53, 'History': 52}",0.8698224852071006,0.7396449704142012
246,60,35.0,65.0,0.0,"{'Himachal_Pradesh': 39, 'Arunachal_Pradesh': 21}","{'History': 39, 'Tourism': 21}",0.55,0.55
247,57,94.73684210526315,5.263157894736842,0.0,"{'Jharkhand': 56, 'Gujarat': 1}",{'Language': 57},0.5263157894736842,0.42105263157894735
248,56,10.714285714285714,73.21428571428571,16.071428571428573,"{'Uttarakhand': 35, 'Haryana': 15, 'Lakshadweep': 6}",{'Language': 56},0.6071428571428571,0.6071428571428571
249,83,45.78313253012048,54.21686746987952,0.0,"{'Arunachal_Pradesh': 39, 'Himachal_Pradesh': 35, 'Chhattisgarh': 6}","{'Tourism': 48, 'Transport': 27, 'Cultural_Common_Sense': 4}",0.5662650602409639,0.4939759036144578
250,78,3.8461538461538463,94.87179487179486,1.282051282051282,{'Uttarakhand': 78},"{'Language': 77, 'History': 1}",0.5256410256410257,0.7051282051282052
251,94,10.638297872340425,62.76595744680851,26.595744680851062,"{'Uttarakhand': 74, 'Himachal_Pradesh': 15, 'Gujarat': 4}",{'Language': 94},0.7978723404255319,0.8085106382978723
252,94,22.340425531914892,25.53191489361702,52.12765957446809,"{'Uttarakhand': 74, 'Uttar_Pradesh': 18, 'Bihar': 2}","{'History': 33, 'Festivals': 30, 'Rituals_and_Ceremonies': 14}",0.925531914893617,0.8723404255319149
253,245,20.816326530612244,46.53061224489796,32.6530612244898,"{'Uttarakhand': 189, 'Haryana': 45, 'Uttar_Pradesh': 3}","{'Tourism': 105, 'Religion': 59, 'Cultural_Common_Sense': 37}",0.7795918367346939,0.8163265306122449
254,114,13.157894736842104,43.859649122807014,42.98245614035088,"{'Uttarakhand': 104, 'Jharkhand': 6, 'Jammu_kashmir': 4}","{'Tourism': 68, 'History': 21, 'Cultural_Common_Sense': 16}",0.8508771929824561,0.8859649122807017
255,128,18.75,29.6875,51.5625,"{'Uttar_Pradesh': 45, 'Goa': 27, 'Uttarakhand': 25}","{'Festivals': 66, 'Dance_and_Music': 32, 'Tourism': 14}",0.6015625,0.6171875
256,113,32.743362831858406,49.557522123893804,17.699115044247787,"{'Odisha': 60, 'Uttarakhand': 29, 'Jammu_kashmir': 11}","{'Dance_and_Music': 68, 'Festivals': 28, 'Art': 7}",0.5132743362831859,0.5575221238938053
257,74,71.62162162162163,28.37837837837838,0.0,"{'Haryana': 63, 'Uttarakhand': 10, 'Jammu_kashmir': 1}","{'Festivals': 30, 'Dance_and_Music': 23, 'History': 7}",0.7297297297297297,0.4594594594594595
258,61,39.34426229508197,60.65573770491803,0.0,"{'Bihar': 31, 'Haryana': 24, 'Tripura': 3}","{'History': 59, 'Cultural_Common_Sense': 1, 'Rituals_and_Ceremonies': 1}",0.6721311475409836,0.6885245901639344
259,107,42.99065420560748,57.009345794392516,0.0,"{'Himachal_Pradesh': 63, 'Arunachal_Pradesh': 37, 'Assam': 4}","{'Cultural_Common_Sense': 54, 'History': 20, 'Rituals_and_Ceremonies': 15}",0.7009345794392523,0.6261682242990654
260,225,54.22222222222223,41.77777777777778,4.0,"{'Arunachal_Pradesh': 108, 'Uttar_Pradesh': 27, 'Andhra_Pradesh': 19}","{'Language': 85, 'Cultural_Common_Sense': 56, 'History': 51}",0.56,0.52
261,61,24.59016393442623,67.21311475409836,8.19672131147541,"{'Andaman_and_Nicobar': 16, 'Himachal_Pradesh': 16, 'Bihar': 10}","{'Festivals': 39, 'Rituals_and_Ceremonies': 9, 'History': 6}",0.6885245901639344,0.7540983606557377
262,87,12.643678160919542,86.20689655172413,1.1494252873563218,"{'Himachal_Pradesh': 62, 'Andhra_Pradesh': 8, 'Andaman_and_Nicobar': 6}","{'Festivals': 67, 'Dance_and_Music': 8, 'Rituals_and_Ceremonies': 5}",0.5747126436781609,0.8390804597701149
263,140,53.57142857142857,45.714285714285715,0.7142857142857143,"{'Arunachal_Pradesh': 103, 'Himachal_Pradesh': 20, 'Andaman_and_Nicobar': 4}","{'Rituals_and_Ceremonies': 55, 'Dance_and_Music': 41, 'Festivals': 16}",0.65,0.65
