layer,model,task,group,prior,data_cost,model_cost,total_mdl,fisher_info,sparsity,acc_attribute,acc_state,acc_correctness_base,acc_correctness_instruct
8,base,attribute,all,l0,70533.22143554688,163541.2001953125,234074.42163085938,4.7106036464109974e-07,0.998779296875,0.2997732832169918,,,
8,base,attribute,all,l1,23947.015197753906,11002.170593261719,34949.185791015625,3.138003989988647e-08,0.0,0.8005787244197841,,,
8,base,attribute,all,l2,12647.492370605469,3435.246322631836,16082.738693237305,2.1230603053368213e-08,0.0,0.8955014617266273,,,
8,base_control,attribute,all,l0,82954.11633300781,129892.447265625,212846.5635986328,1.5913569721230186e-08,1.0,0.16744227671379988,,,
8,base_control,attribute,all,l1,83714.85546875,2957.9777297973633,86672.83319854736,8.788508409907081e-08,0.0,0.1621323310065032,,,
8,base_control,attribute,all,l2,77023.36108398438,2338.82666015625,79362.18774414062,9.636245223987316e-08,0.0,0.2285364835033709,,,
8,base,state,all,l0,76042.62512207031,534769.8017578125,610812.4268798828,1.6115470828174477e-08,0.9741392135620117,,0.7272537438100352,,
8,base,state,all,l1,38263.086975097656,52478.950927734375,90742.03790283203,6.130850938035337e-09,0.0,,0.917874828470855,,
8,base,state,all,l2,7455.863433837891,10675.85952758789,18131.72296142578,8.735956680272494e-10,0.0,,0.9956744824294493,,
8,base_control,state,all,l0,258194.23974609375,319539.451171875,577733.6909179688,8.28208079894921e-09,1.0,,0.08618220869876499,,
8,base_control,state,all,l1,255233.5703125,9416.669036865234,264650.23934936523,2.920368036285481e-08,0.0,,0.09414712725971004,,
8,base_control,state,all,l2,216718.009765625,9273.529724121094,225991.5394897461,2.921422392887507e-08,0.0,,0.20186743034425153,,
8,base,correctness_base,all,l0,2676.331214904785,15740.572998046875,18416.90421295166,6.579198460106757e-08,1.0,,,0.6635045641668158,
8,base,correctness_base,all,l1,2643.0294914245605,169.622088432312,2812.6515798568726,6.016696545430023e-07,0.0,,,0.6635045641668158,
8,base,correctness_base,all,l2,2401.5292015075684,69.01388382911682,2470.543085336685,4.4195108728217747e-07,0.0,,,0.6919933178211324,
8,base,multitask_dual,all,l0,375079.478515625,4211910.140625,4586989.619140625,1.2209667976342026e-06,1.0,0.10032217648111688,0.0318596742437802,,
8,base,multitask_dual,all,l1,48799.548095703125,83184.74194335938,131984.2900390625,6.673093115120802e-09,0.0,0.8039794761649066,0.9314181731400274,,
8,base,multitask_dual,all,l2,18052.26141357422,20967.528076171875,39019.789489746094,6.0920574834755215e-09,0.0,0.8846727522224211,0.9930791718871189,,
8,base,multitask_triple_base,all,l0,376593.9052734375,4213021.3125,4589615.2177734375,9.523838884442329e-07,1.0,0.10032217648111688,0.0318596742437802,0.6635045641668158,
8,base,multitask_triple_base,all,l1,51857.80798339844,84433.54541015625,136291.3533935547,1.1034857989172808e-07,0.0,0.806664280174214,0.9305829007815762,0.6650557842610823,
8,base,multitask_triple_base,all,l2,20662.243682861328,20918.83172607422,41581.07540893555,6.744755219612042e-08,0.0,0.8840164667979238,0.9923632241513036,0.6894576695901199,
8,instruct,attribute,all,l0,72110.34521484375,163581.64453125,235691.98974609375,5.355191459906669e-07,0.9990234375,0.3032933595847503,,,
8,instruct,attribute,all,l1,23901.831420898438,11018.271789550781,34920.10321044922,3.310594731686933e-08,0.0,0.8009366982876917,,,
8,instruct,attribute,all,l2,12530.97817993164,3445.3647079467773,15976.342887878418,1.870784238633405e-08,0.0,0.8979774476463218,,,
8,instruct_control,attribute,all,l0,82953.71423339844,129943.84057617188,212897.5548095703,1.8564590457496404e-08,1.0,0.16744227671379988,,,
8,instruct_control,attribute,all,l1,83608.80297851562,2970.1827850341797,86578.9857635498,9.420432789397637e-08,0.0,0.1664280174213949,,,
8,instruct_control,attribute,all,l2,76917.6611328125,2341.0278854370117,79258.68901824951,9.313442994596244e-08,0.0,0.23178807947019867,,,
8,instruct,state,all,l0,71903.994140625,534504.99609375,606408.990234375,1.5273950030684585e-08,0.9733977317810059,,0.7384105960264901,,
8,instruct,state,all,l1,38175.40155029297,52556.93115234375,90732.33270263672,6.129261320708679e-09,0.0,,0.9171887118906986,,
8,instruct,state,all,l2,7358.696060180664,10637.519989013672,17996.216049194336,8.752884250728954e-10,0.0,,0.996002625141698,,
8,instruct_control,state,all,l0,258194.19091796875,319639.3857421875,577833.5766601562,8.432663160344115e-09,1.0,,0.08618220869876499,,
8,instruct_control,state,all,l1,255228.6025390625,9542.468444824219,264771.0709838867,2.7768250809856454e-08,0.0,,0.0909850247598592,,
8,instruct_control,state,all,l2,216644.05322265625,9294.6884765625,225938.74169921875,2.8329544932148565e-08,0.0,,0.20386611777340255,,
8,instruct,correctness_instruct,all,l0,2742.013946533203,15738.18521118164,18480.199157714844,8.55478485088194e-08,1.0,,,,0.638356899946304
8,instruct,correctness_instruct,all,l1,2722.911552429199,143.69103527069092,2866.60258769989,5.472937374406683e-07,0.0,,,,0.638356899946304
8,instruct,correctness_instruct,all,l2,2466.388660430908,60.667754888534546,2527.0564153194427,3.4892825340193667e-07,0.0,,,,0.6769584153690114
8,instruct,multitask_dual,all,l0,372362.2724609375,4211414.625,4583776.8974609375,1.1217290703921127e-06,1.0,0.10032217648111688,0.0318596742437802,,
8,instruct,multitask_dual,all,l1,48535.396240234375,85642.97607421875,134178.37231445312,6.261218044034678e-09,0.0,0.8101246942306545,0.9324622635880914,,
8,instruct,multitask_dual,all,l2,17834.790985107422,20834.186645507812,38668.977630615234,5.908905290989234e-09,0.0,0.8896843863731281,0.992989678420142,,
8,instruct,multitask_triple_instruct,all,l0,376422.2587890625,4212116.90625,4588539.1650390625,1.0066882665249466e-06,1.0,0.10032217648111688,0.0318596742437802,,0.638356899946304
8,instruct,multitask_triple_instruct,all,l1,51620.97314453125,84596.53125,136217.50439453125,1.3200087634057667e-07,0.0,0.8058290078157628,0.930881212338166,,0.6386850426585526
8,instruct,multitask_triple_instruct,all,l2,20287.24530029297,20823.878173828125,41111.123474121094,6.576051984202858e-08,0.0,0.8865819461845952,0.9939144442455701,,0.6669351470675974
8,base,attribute,suppression,l0,31169.388916015625,173756.91796875,204926.30688476562,4.6486949975323616e-07,0.9996744990348816,0.11119490531255237,,,
8,base,attribute,suppression,l1,4503.586883544922,3074.1796875,7577.766571044922,2.3729590736820683e-08,0.0,0.9039718451483157,,,
8,base,attribute,suppression,l2,2130.8476638793945,572.1697540283203,2703.017417907715,7.496305576282225e-09,0.0,0.9611194905312552,,,
8,base,state,suppression,l0,48248.359130859375,419786.625,468034.9841308594,8.672114300741403e-08,0.9826388955116272,,0.5232109937992291,,
8,base,state,suppression,l1,4483.207427978516,10800.638671875,15283.846099853516,1.4171522844108608e-09,0.0,,0.9952237305178482,,
8,base,state,suppression,l2,888.3482246398926,1420.172607421875,2308.5208320617676,1.0109239487188226e-10,0.0,,1.0,,
8,base,correctness_base,suppression,l0,747.964412689209,20725.29931640625,21473.26372909546,1.1346580208737578e-07,1.0,,,0.799396681749623,
8,base,correctness_base,suppression,l1,747.5991325378418,44.73171329498291,792.3308458328247,4.068201711504571e-06,0.0,,,0.799396681749623,
8,base,correctness_base,suppression,l2,655.5877151489258,19.20961618423462,674.7973313331604,5.837721175794286e-06,0.0,,,0.8255404725992961,
8,base,multitask_dual,suppression,l0,142143.7099609375,5306769.75,5448913.4599609375,4.016085216004431e-06,1.0,0.09904474610356963,0.049773755656108594,,
8,base,multitask_dual,suppression,l1,8023.1190185546875,21825.439453125,29848.558471679688,3.807437476410769e-09,0.0,0.8958438076085135,0.9927936986760516,,
8,base,multitask_dual,suppression,l2,1408.1160278320312,3246.59619140625,4654.712219238281,3.6237097787138648e-09,0.0,0.9772917714094185,1.0,,
8,base,multitask_triple_base,suppression,l0,142701.2177734375,5306758.5,5449459.7177734375,3.0424994638739774e-06,1.0,0.09904474610356963,0.049773755656108594,0.799396681749623,
8,base,multitask_triple_base,suppression,l1,8873.878814697266,22137.64306640625,31011.521881103516,9.232625525559812e-08,0.0,0.8899782135076253,0.992290933467404,0.7993128875481816,
8,base,multitask_triple_base,suppression,l2,1779.5603942871094,3309.25927734375,5088.819671630859,7.137406932340197e-08,0.0,0.9865091335679571,1.0,0.8210993799229094,
8,instruct,attribute,suppression,l0,30823.794311523438,173719.546875,204543.34118652344,4.71947655807566e-07,0.99951171875,0.1375062845651081,,,
8,instruct,attribute,suppression,l1,4462.492614746094,3074.9776611328125,7537.470275878906,1.783948988531847e-08,0.0,0.906318082788671,,,
8,instruct,attribute,suppression,l2,2089.493263244629,574.7179870605469,2664.211250305176,7.434704851760898e-09,0.0,0.9616222557399028,,,
8,instruct,state,suppression,l0,47639.081298828125,419769.5625,467408.6437988281,9.1156287296279e-08,0.9826931357383728,,0.5304172951231775,,
8,instruct,state,suppression,l1,4458.343688964844,10775.022216796875,15233.365905761719,1.4856805785612437e-09,0.0,,0.9949723479135244,,
8,instruct,state,suppression,l2,884.808723449707,1413.9579162597656,2298.7666397094727,1.1753180720330825e-10,0.0,,1.0,,
8,instruct,correctness_instruct,suppression,l0,986.9867324829102,20738.67919921875,21725.66593170166,9.031853664964729e-08,1.0,,,,0.6251885369532428
8,instruct,correctness_instruct,suppression,l1,937.0912818908691,51.66301918029785,988.754301071167,2.9048078431515023e-07,0.0,,,,0.6541813306519189
8,instruct,correctness_instruct,suppression,l2,808.051097869873,21.727576732635498,829.7786746025085,2.2982122516168602e-07,0.0,,,,0.726663314898609
8,instruct,multitask_dual,suppression,l0,141985.908203125,5306579.25,5448565.158203125,3.975412067980244e-06,1.0,0.09904474610356963,0.049773755656108594,,
8,instruct,multitask_dual,suppression,l1,8138.680603027344,22465.14404296875,30603.824645996094,4.568428330076202e-09,0.0,0.8969331322272499,0.993547846489023,,
8,instruct,multitask_dual,suppression,l2,1212.0207595825195,3250.0609130859375,4462.081672668457,1.372329240118449e-09,0.0,0.985838779956427,1.0,,
8,instruct,multitask_triple_instruct,suppression,l0,142660.05810546875,5306583.75,5449243.808105469,3.148342262547664e-06,1.0,0.09904474610356963,0.049773755656108594,,0.6251885369532428
8,instruct,multitask_triple_instruct,suppression,l1,8877.055908203125,21820.02685546875,30697.082763671875,5.323113048960604e-08,0.0,0.900536282889224,0.9927936986760516,,0.6404390816155522
8,instruct,multitask_triple_instruct,suppression,l2,2138.589096069336,3292.5234375,5431.112533569336,5.4626850121055476e-08,0.0,0.9801407742584213,1.0,,0.7145969498910676
8,base,attribute,enhancement,l0,29989.154907226562,173813.68359375,203802.83850097656,3.8999992520623766e-07,0.9994303584098816,0.1609857978279031,,,
8,base,attribute,enhancement,l1,4750.52880859375,3148.899169921875,7899.427978515625,2.1747755152290438e-08,0.0,0.8984126984126984,,,
8,base,attribute,enhancement,l2,2192.0063552856445,612.5511932373047,2804.557548522949,7.451842698458222e-09,0.0,0.962155388471178,,,
8,base,state,enhancement,l0,43713.233154296875,420305.859375,464019.0925292969,9.105472716560332e-08,0.9797272682189941,,0.5658312447786132,,
8,base,state,enhancement,l1,4752.760040283203,10981.216552734375,15733.976593017578,1.513687342136194e-09,0.0,,0.993734335839599,,
8,base,state,enhancement,l2,982.8258895874023,1468.1390991210938,2450.964988708496,1.4670280962247872e-10,0.0,,1.0,,
8,base,correctness_base,enhancement,l0,1015.6907157897949,20746.763671875,21762.454387664795,8.034070712407508e-08,1.0,,,0.5847117794486215,
8,base,correctness_base,enhancement,l1,946.1270294189453,60.039167404174805,1006.1661968231201,2.8814098129714694e-07,0.0,,,0.6492063492063492,
8,base,correctness_base,enhancement,l2,801.0301551818848,23.60488986968994,824.6350450515747,1.83469687442539e-07,0.0,,,0.7268170426065163,
8,base,multitask_dual,enhancement,l0,140498.58203125,5308270.5,5448769.08203125,2.6240023982866082e-06,1.0,0.1037593984962406,0.09223057644110276,,
8,base,multitask_dual,enhancement,l1,8541.922729492188,22808.2001953125,31350.122924804688,5.5122596117248195e-09,0.0,0.8883876357560568,0.9912280701754386,,
8,base,multitask_dual,enhancement,l2,1160.7450637817383,3371.5133056640625,4532.258369445801,1.7117079397406994e-09,0.0,0.9866332497911445,1.0,,
8,base,multitask_triple_base,enhancement,l0,142454.462890625,5308234.5,5450688.962890625,2.122658497219179e-06,1.0,0.1037593984962406,0.09223057644110276,0.5847117794486215,
8,base,multitask_triple_base,enhancement,l1,9612.813903808594,22624.03271484375,32236.846618652344,5.8167389287155924e-08,0.0,0.8912280701754386,0.9880534670008354,0.6301587301587301,
8,base,multitask_triple_base,enhancement,l2,2032.5458908081055,3402.9473876953125,5435.493278503418,6.202886346142605e-08,0.0,0.9843776106934001,1.0,0.7210526315789474,
8,instruct,attribute,enhancement,l0,30132.583984375,173832.71484375,203965.298828125,4.17326856257579e-07,0.999267578125,0.16290726817042606,,,
8,instruct,attribute,enhancement,l1,4729.505310058594,3163.1978759765625,7892.703186035156,2.2489263784564173e-08,0.0,0.8987468671679198,,,
8,instruct,attribute,enhancement,l2,2156.910202026367,616.7515411376953,2773.6617431640625,8.54380011183764e-09,0.0,0.962907268170426,,,
8,instruct,state,enhancement,l0,43993.10302734375,420316.40625,464309.50927734375,1.0628218734728041e-07,0.9796549677848816,,0.5654135338345865,,
8,instruct,state,enhancement,l1,4724.996124267578,10993.234130859375,15718.230255126953,1.5955686771818023e-09,0.0,,0.9943191311612364,,
8,instruct,state,enhancement,l2,971.6913909912109,1464.1231384277344,2435.8145294189453,1.2869824650429962e-10,0.0,,1.0,,
8,instruct,correctness_instruct,enhancement,l0,810.7208099365234,20731.2216796875,21541.942489624023,9.44732126602806e-08,1.0,,,,0.7679197994987469
8,instruct,correctness_instruct,enhancement,l1,796.116569519043,49.87850761413574,845.9950771331787,2.759647500738538e-06,0.0,,,,0.768170426065163
8,instruct,correctness_instruct,enhancement,l2,671.6467933654785,22.15532112121582,693.8021144866943,3.7982670377800787e-06,0.0,,,,0.8075187969924812
8,instruct,multitask_dual,enhancement,l0,141334.9912109375,5308050.0,5449384.9912109375,2.707706831131925e-06,1.0,0.1037593984962406,0.09223057644110276,,
8,instruct,multitask_dual,enhancement,l1,8514.705871582031,22533.744140625,31048.45001220703,3.909208799261303e-09,0.0,0.8912280701754386,0.9897243107769423,,
8,instruct,multitask_dual,enhancement,l2,1245.6025009155273,3380.82568359375,4626.428184509277,2.1085808278818266e-09,0.0,0.9846282372598162,1.0,,
8,instruct,multitask_triple_instruct,enhancement,l0,141029.12109375,5308183.125,5449212.24609375,2.139320047679484e-06,1.0,0.1037593984962406,0.09223057644110276,,0.7679197994987469
8,instruct,multitask_triple_instruct,enhancement,l1,9165.140197753906,22500.50830078125,31665.648498535156,1.0577860547894558e-07,0.0,0.8949874686716792,0.9902255639097745,,0.7702589807852965
8,instruct,multitask_triple_instruct,enhancement,l2,1807.824104309082,3394.8988037109375,5202.7229080200195,5.019411577003585e-08,0.0,0.9895572263993316,1.0,,0.8045948203842941
16,base,attribute,all,l0,55807.529541015625,163305.9462890625,219113.47583007812,3.4212135317327846e-07,0.9979655146598816,0.4893801085854066,,,
16,base,attribute,all,l1,23874.40966796875,10837.34683227539,34711.75650024414,2.9021391512173977e-08,0.0,0.8012648409999403,,,
16,base,attribute,all,l2,13013.427764892578,3351.331123352051,16364.758888244629,1.8422363634584826e-08,0.0,0.8912654376230535,,,
16,base_control,attribute,all,l0,82953.9423828125,129930.13623046875,212884.07861328125,1.7635493065881747e-08,1.0,0.16744227671379988,,,
16,base_control,attribute,all,l1,83563.23657226562,3022.2191162109375,86585.45568847656,8.64336922035136e-08,0.0,0.1670246405345743,,,
16,base_control,attribute,all,l2,76859.38244628906,2352.0785751342773,79211.46102142334,9.134860867732186e-08,0.0,0.23193723524849352,,,
16,base,state,all,l0,73248.62536621094,521546.759765625,594795.3851318359,1.140154502291916e-08,0.9711190462112427,,0.7302666905315912,,
16,base,state,all,l1,47384.919921875,53943.74890136719,101328.66882324219,7.238388777253135e-09,0.0,,0.8795716246047371,,
16,base,state,all,l2,11694.349914550781,14070.572387695312,25764.922302246094,1.424633910840356e-09,0.0,,0.990036394009904,,
16,base_control,state,all,l0,258194.03466796875,319758.9140625,577952.9487304688,9.065607523931854e-09,1.0,,0.08618220869876499,,
16,base_control,state,all,l1,255124.33154296875,9519.230072021484,264643.56161499023,2.7591833706708258e-08,0.0,,0.09020941471272598,,
16,base_control,state,all,l2,217051.14306640625,9175.440124511719,226226.58319091797,2.793032916059701e-08,0.0,,0.20353797506115387,,
16,base,correctness_base,all,l0,2676.406909942627,15742.585144042969,18418.992053985596,6.345237579807872e-08,1.0,,,0.6635045641668158,
16,base,correctness_base,all,l1,2633.5753860473633,182.4620761871338,2816.037462234497,5.614543567844521e-07,0.0,,,0.6635045641668158,
16,base,correctness_base,all,l2,2381.3650856018066,64.45452153682709,2445.8196071386337,3.6929577618138865e-07,0.0,,,0.6987948213113776,
16,base,multitask_dual,all,l0,377231.2607421875,4270360.1015625,4647591.3623046875,1.2658430358517388e-06,1.0,0.10032217648111688,0.08618220869876499,,
16,base,multitask_dual,all,l1,56896.37121582031,88557.57055664062,145453.94177246094,6.390620717796243e-09,0.0,0.8035618399856811,0.8964858898633733,,
16,base,multitask_dual,all,l2,21051.860565185547,24572.046936035156,45623.9075012207,1.0197544133191036e-08,0.0,0.8761410417039556,0.9869339538213711,,
16,base,multitask_triple_base,all,l0,375527.08984375,4270099.96875,4645627.05859375,1.059672379326998e-06,0.9999987483024597,0.10032217648111688,0.08504862478372412,0.6635045641668158,
16,base,multitask_triple_base,all,l1,60309.47229003906,88639.73217773438,148949.20446777344,1.1536126000299962e-07,0.0,0.8047252550563809,0.896814032575622,0.6634747330111569,
16,base,multitask_triple_base,all,l2,22341.97396850586,24655.17333984375,46997.14730834961,6.463560388997314e-08,0.0,0.8898633733070819,0.9895590955193604,0.6809259590716544,
16,instruct,attribute,all,l0,53214.65881347656,163163.26318359375,216377.9219970703,2.7509031711817994e-07,0.9979248046875,0.5190919396217409,,,
16,instruct,attribute,all,l1,23910.399658203125,10747.023834228516,34657.42349243164,3.286438499117139e-08,0.0,0.8035320088300221,,,
16,instruct,attribute,all,l2,13039.624267578125,3361.7710189819336,16401.39528656006,1.856541009814805e-08,0.0,0.8921305411371636,,,
16,instruct_control,attribute,all,l0,82953.88598632812,129967.83325195312,212921.71923828125,1.646710974985884e-08,1.0,0.16744227671379988,,,
16,instruct_control,attribute,all,l1,83518.06970214844,2967.0613403320312,86485.13104248047,8.802339657165703e-08,0.0,0.16684565360062048,,,
16,instruct_control,attribute,all,l2,76745.1357421875,2351.0417861938477,79096.17752838135,8.86180338000031e-08,0.0,0.23131078097965516,,,
16,instruct,state,all,l0,71438.84582519531,521599.5146484375,593038.3604736328,1.0033223400244632e-08,0.9710286259651184,,0.7378139729133106,,
16,instruct,state,all,l1,47195.17333984375,53918.430908203125,101113.60424804688,7.208427854621391e-09,0.0,,0.8822265974583855,,
16,instruct,state,all,l2,11595.888397216797,13993.33740234375,25589.225799560547,1.5349362891825535e-09,0.0,,0.9896784201419963,,
16,instruct_control,state,all,l0,258193.93505859375,320197.2919921875,578391.2270507812,8.554273141688403e-09,1.0,,0.08618220869876499,,
16,instruct_control,state,all,l1,254986.72900390625,9625.094329833984,264611.82333374023,2.782717523075462e-08,0.0,,0.09232742676451286,,
16,instruct_control,state,all,l2,216687.99609375,9243.981994628906,225931.9780883789,2.8514567596005236e-08,0.0,,0.2046118966648768,,
16,instruct,correctness_instruct,all,l0,2741.985366821289,15740.931518554688,18482.916885375977,1.0003813599723799e-07,1.0,,,,0.638356899946304
16,instruct,correctness_instruct,all,l1,2708.108798980713,161.93227672576904,2870.041075706482,6.148570292907607e-07,0.0,,,,0.6383270687906449
16,instruct,correctness_instruct,all,l2,2466.509521484375,56.042322635650635,2522.5518441200256,2.8122953210640844e-07,0.0,,,,0.6782411550623472
16,instruct,multitask_dual,all,l0,378073.943359375,4269099.65625,4647173.599609375,1.3001100490152493e-06,1.0,0.10032217648111688,0.08618220869876499,,
16,instruct,multitask_dual,all,l1,56601.67333984375,87606.27465820312,144207.94799804688,7.699675360258359e-09,0.0,0.8077382017779369,0.9010500566791958,,
16,instruct,multitask_dual,all,l2,19969.35272216797,24459.674926757812,44429.02764892578,6.074596538748385e-09,0.0,0.8886701270807231,0.9883360181373426,,
16,instruct,multitask_triple_instruct,all,l0,381665.8681640625,4268762.953125,4650428.8212890625,1.03432489410397e-06,1.0,0.10032217648111688,0.08618220869876499,,0.638356899946304
16,instruct,multitask_triple_instruct,all,l1,58980.52624511719,87435.02270507812,146415.5489501953,1.2786137296161293e-07,0.0,0.801622814867848,0.9020046536602828,,0.6374321341208758
16,instruct,multitask_triple_instruct,all,l2,23202.210205078125,24526.61151123047,47728.821716308594,7.121107950536221e-08,0.0,0.8848219080007159,0.9871129407553249,,0.6707535349919456
16,base,attribute,suppression,l0,29242.640869140625,174137.5546875,203380.19555664062,4.834911148480595e-07,0.9991455078125,0.17898441427853193,,,
16,base,attribute,suppression,l1,4539.341934204102,3039.4183959960938,7578.760330200195,2.3075905186686896e-08,0.0,0.9024635495223731,,,
16,base,attribute,suppression,l2,2161.4356994628906,575.3868255615234,2736.822525024414,9.132445022430602e-09,0.0,0.9620412267471091,,,
16,base,state,suppression,l0,39355.74267578125,421199.8125,460555.55517578125,5.67442372719403e-08,0.9763635993003845,,0.6031506619741914,,
16,base,state,suppression,l1,6059.917663574219,11914.23779296875,17974.15545654297,2.1475728972930597e-09,0.0,,0.9878498407910172,,
16,base,state,suppression,l2,1588.274299621582,1803.9776000976562,3392.2518997192383,2.91644153271875e-10,0.0,,0.9999162057985588,,
16,base,correctness_base,suppression,l0,747.9851951599121,20724.7646484375,21472.749843597412,7.648612646941426e-08,1.0,,,0.799396681749623,
16,base,correctness_base,suppression,l1,750.4146499633789,46.59699726104736,797.0116472244263,4.123643961406742e-06,0.0,,,0.8003184179654768,
16,base,correctness_base,suppression,l2,666.3444290161133,18.22750425338745,684.5719332695007,6.121597060371187e-06,0.0,,,0.818753142282554,
16,base,multitask_dual,suppression,l0,143635.85986328125,5313566.25,5457202.109863281,3.735422050026622e-06,1.0,0.09904474610356963,0.049773755656108594,,
16,base,multitask_dual,suppression,l1,9229.286193847656,24362.7861328125,33592.072326660156,4.885426711324452e-09,0.0,0.8909837439249204,0.9850008379420144,,
16,base,multitask_dual,suppression,l2,1391.7897644042969,3701.4005126953125,5093.190277099609,2.084875004408626e-09,0.0,0.9822356292944528,1.0,,
16,base,multitask_triple_base,suppression,l0,144473.7041015625,5313764.25,5458237.9541015625,2.866760666680395e-06,1.0,0.09904474610356963,0.049773755656108594,0.799396681749623,
16,base,multitask_triple_base,suppression,l1,9906.705200195312,24258.97705078125,34165.68225097656,8.690950534240294e-08,0.0,0.8919892743422155,0.9863415451650746,0.7991452991452992,
16,base,multitask_triple_base,suppression,l2,1831.634506225586,3716.1676025390625,5547.802108764648,5.892656154866949e-08,0.0,0.9893581364169599,1.0,0.8185017596782302,
16,instruct,attribute,suppression,l0,29156.96044921875,174186.9375,203343.89794921875,4.6063517785318214e-07,0.9991048574447632,0.17161052455170103,,,
16,instruct,attribute,suppression,l1,4508.523895263672,3044.5576171875,7553.081512451172,2.2091964702042333e-08,0.0,0.9022959611194905,,,
16,instruct,attribute,suppression,l2,2104.6646270751953,580.1726531982422,2684.8372802734375,8.631791059698912e-09,0.0,0.9624601977543153,,,
16,instruct,state,suppression,l0,39327.312255859375,421317.046875,460644.3591308594,5.636270968463938e-08,0.9763454794883728,,0.6067538126361656,,
16,instruct,state,suppression,l1,5986.80224609375,11899.65673828125,17886.458984375,2.329335613282524e-09,0.0,,0.9886039886039886,,
16,instruct,state,suppression,l2,1548.0718383789062,1792.070068359375,3340.1419067382812,2.6829659327543e-10,0.0,,0.9998324115971174,,
16,instruct,correctness_instruct,suppression,l0,987.0547561645508,20737.8134765625,21724.86823272705,1.425638629370951e-07,1.0,,,,0.6251885369532428
16,instruct,correctness_instruct,suppression,l1,931.227123260498,50.67586898803711,981.9029922485352,2.2481911798877263e-07,0.0,,,,0.6586224233283057
16,instruct,correctness_instruct,suppression,l2,811.6344985961914,20.64528179168701,832.2797803878784,2.2185390236018065e-07,0.0,,,,0.7291771409418468
16,instruct,multitask_dual,suppression,l0,144047.234375,5313110.625,5457157.859375,3.881457243868981e-06,1.0,0.09904474610356963,0.049773755656108594,,
16,instruct,multitask_dual,suppression,l1,9226.390441894531,24580.869140625,33807.25958251953,5.780265257178859e-09,0.0,0.8915703033350092,0.9856711915535445,,
16,instruct,multitask_dual,suppression,l2,1203.9614486694336,3649.2041015625,4853.165550231934,1.0215521117097153e-09,0.0,0.989693313222725,1.0,,
16,instruct,multitask_triple_instruct,suppression,l0,144585.35302734375,5313119.625,5457704.978027344,2.9093446641444607e-06,1.0,0.09904474610356963,0.049773755656108594,,0.6251885369532428
16,instruct,multitask_triple_instruct,suppression,l1,10026.037963867188,24315.8935546875,34341.93151855469,4.711131414147918e-08,0.0,0.8946706887883359,0.9859225741578683,,0.6521702698173286
16,instruct,multitask_triple_instruct,suppression,l2,2044.5288696289062,3676.1436767578125,5720.672546386719,5.412719989751624e-08,0.0,0.9896095190212837,1.0,,0.7200435729847494
16,base,attribute,enhancement,l0,30370.71923828125,174069.6328125,204440.35205078125,4.3649783390553587e-07,0.9993896484375,0.13826232247284878,,,
16,base,attribute,enhancement,l1,4898.918914794922,3089.3265380859375,7988.245452880859,2.392297204778515e-08,0.0,0.8931495405179616,,,
16,base,attribute,enhancement,l2,2375.047004699707,600.967529296875,2976.014533996582,9.846729653872899e-09,0.0,0.9557226399331662,,,
16,base,state,enhancement,l0,37263.961669921875,421216.21875,458480.1804199219,5.356691849348986e-08,0.9745008945465088,,0.623141186299081,,
16,base,state,enhancement,l1,6333.628479003906,12010.781982421875,18344.41046142578,2.2831746493423566e-09,0.0,,0.9859649122807017,,
16,base,state,enhancement,l2,1709.654541015625,1830.37939453125,3540.033935546875,3.4141368898676916e-10,0.0,,0.9998329156223893,,
16,base,correctness_base,enhancement,l0,1015.6966857910156,20745.0791015625,21760.775787353516,7.942477016816459e-08,1.0,,,0.5847117794486215,
16,base,correctness_base,enhancement,l1,949.5150184631348,56.302202224731445,1005.8172206878662,2.6519483498077534e-07,0.0,,,0.6482873851294904,
16,base,correctness_base,enhancement,l2,816.3995246887207,21.50672149658203,837.9062461853027,1.9956095798079332e-07,0.0,,,0.7201336675020885,
16,base,multitask_dual,enhancement,l0,142666.3701171875,5315270.625,5457936.9951171875,2.6402084138002887e-06,1.0,0.1037593984962406,0.09223057644110276,,
16,base,multitask_dual,enhancement,l1,10046.844665527344,25032.1845703125,35079.029235839844,3.973135376256209e-09,0.0,0.885296574770259,0.9796992481203007,,
16,base,multitask_dual,enhancement,l2,1401.4185791015625,3829.1400146484375,5230.55859375,1.4724032204709487e-09,0.0,0.985797827903091,1.0,,
16,base,multitask_triple_base,enhancement,l0,143444.2216796875,5315319.75,5458763.9716796875,2.134795603206088e-06,1.0,0.1037593984962406,0.09223057644110276,0.5847117794486215,
16,base,multitask_triple_base,enhancement,l1,10701.875610351562,24411.5244140625,35113.40002441406,5.332976624194963e-08,0.0,0.8875522138680033,0.9805346700083543,0.6375104427736007,
16,base,multitask_triple_base,enhancement,l2,2159.8419799804688,3869.5286865234375,6029.370666503906,6.353485168899588e-08,0.0,0.9898078529657477,1.0,0.7073517126148705,
16,instruct,attribute,enhancement,l0,30018.029541015625,174132.328125,204150.35766601562,4.2050331860998824e-07,0.9993489980697632,0.14085213032581453,,,
16,instruct,attribute,enhancement,l1,4866.9781494140625,3083.0335693359375,7950.01171875,2.2027604629215602e-08,0.0,0.8949874686716792,,,
16,instruct,attribute,enhancement,l2,2339.744354248047,603.1985321044922,2942.942886352539,1.0173949904768165e-08,0.0,0.9578947368421052,,,
16,instruct,state,enhancement,l0,37583.439453125,421190.765625,458774.205078125,5.293161871774051e-08,0.9747359752655029,,0.6197994987468671,,
16,instruct,state,enhancement,l1,6256.000701904297,12019.691162109375,18275.691864013672,2.3365671619757222e-09,0.0,,0.9865497076023392,,
16,instruct,state,enhancement,l2,1666.278549194336,1819.6016235351562,3485.880172729492,3.083347743793041e-10,0.0,,0.9999164578111946,,
16,instruct,correctness_instruct,enhancement,l0,810.6947059631348,20727.3427734375,21538.037479400635,2.9572660764642933e-08,1.0,,,,0.7679197994987469
16,instruct,correctness_instruct,enhancement,l1,797.3579254150391,45.59409713745117,842.9520225524902,2.6894540496869013e-06,0.0,,,,0.7679197994987469
16,instruct,correctness_instruct,enhancement,l2,686.6849975585938,20.819136142730713,707.5041337013245,3.594917295401956e-06,0.0,,,,0.8050125313283208
16,instruct,multitask_dual,enhancement,l0,142108.03515625,5314739.25,5456847.28515625,2.629322046437161e-06,1.0,0.1037593984962406,0.09223057644110276,,
16,instruct,multitask_dual,enhancement,l1,9912.516906738281,24814.2568359375,34726.77374267578,5.891711461295894e-09,0.0,0.8882205513784461,0.980701754385965,,
16,instruct,multitask_dual,enhancement,l2,1352.716293334961,3791.794921875,5144.511215209961,1.0901788277094722e-09,0.0,0.9870509607351713,1.0,,
16,instruct,multitask_triple_instruct,enhancement,l0,143217.044921875,5314843.5,5458060.544921875,2.1395994346128255e-06,1.0,0.1037593984962406,0.09223057644110276,,0.7679197994987469
16,instruct,multitask_triple_instruct,enhancement,l1,10569.733276367188,24558.00439453125,35127.73767089844,1.0302262763023373e-07,0.0,0.885547201336675,0.9821219715956558,,0.7700083542188806
16,instruct,multitask_triple_instruct,enhancement,l2,2085.844985961914,3837.9334716796875,5923.778457641602,5.287696525730842e-08,0.0,0.9832080200501253,1.0,,0.798078529657477
24,base,attribute,all,l0,76033.7041015625,163318.07958984375,239351.78369140625,5.315472615396999e-07,0.999267578125,0.24225881510649722,,,
24,base,attribute,all,l1,22825.15264892578,10637.900665283203,33463.053314208984,3.537466142233825e-08,0.0,0.8131674721078694,,,
24,base,attribute,all,l2,12080.591735839844,3308.2127380371094,15388.804473876953,1.671337424014041e-08,0.0,0.9030189129526878,,,
24,base_control,attribute,all,l0,82954.10986328125,129548.31591796875,212502.42578125,2.1504890905058954e-08,1.0,0.16744227671379988,,,
24,base_control,attribute,all,l1,83692.18286132812,2856.595733642578,86548.7785949707,8.345490698502545e-08,0.0,0.16636835511007697,,,
24,base_control,attribute,all,l2,77589.51745605469,2315.707374572754,79905.22483062744,9.284604907122684e-08,0.0,0.2211383568999463,,,
24,base,state,all,l0,71941.01306152344,489319.1015625,561260.1146240234,2.370775041097654e-08,0.9817889332771301,,0.7426466201300639,,
24,base,state,all,l1,28430.666076660156,43417.51428222656,71848.18035888672,4.3056598286739245e-09,0.0,,0.9433208042479566,,
24,base,state,all,l2,5475.2061767578125,7715.845230102539,13191.051406860352,6.512085315435456e-10,0.0,,0.9961816120756518,,
24,base_control,state,all,l0,258193.966796875,315329.4375,573523.404296875,8.317819914320049e-09,1.0,,0.08618220869876499,,
24,base_control,state,all,l1,256197.45849609375,8732.16275024414,264929.6212463379,2.8088234849121818e-08,0.0,,0.08770359763737247,,
24,base_control,state,all,l2,222670.0859375,8506.220306396484,231176.30624389648,2.8990574385545642e-08,0.0,,0.18053815404808782,,
24,base,correctness_base,all,l0,2676.383476257324,15741.441101074219,18417.824577331543,8.423558028880507e-08,1.0,,,0.6635045641668158,
24,base,correctness_base,all,l1,2635.260673522949,176.37545728683472,2811.636130809784,5.938054101761736e-07,0.0,,,0.6635045641668158,
24,base,correctness_base,all,l2,2390.7093086242676,70.74093174934387,2461.4502403736115,3.783729596307239e-07,0.0,,,0.6976314062406778,
24,base,multitask_dual,all,l0,377722.1923828125,4134424.59375,4512146.7861328125,1.281911867260074e-06,1.0,0.10032217648111688,0.04322534454984786,,
24,base,multitask_dual,all,l1,42562.859130859375,73347.64013671875,115910.49926757812,6.402498290795459e-09,0.0,0.8160312630511306,0.9472883479505996,,
24,base,multitask_dual,all,l2,16971.615936279297,17246.369201660156,34217.98513793945,5.80258557869584e-09,0.0,0.8904003341089434,0.9924228864626216,,
24,base,multitask_triple_base,all,l0,380320.693359375,4134795.0703125,4515115.763671875,9.583567301716143e-07,1.0,0.10032217648111688,0.04322534454984786,0.6635045641668158,
24,base,multitask_triple_base,all,l1,45165.388671875,72732.59619140625,117897.98486328125,1.4414280885555186e-07,0.0,0.813555277131436,0.9462144263468767,0.6634747330111569,
24,base,multitask_triple_base,all,l2,19907.58380126953,17359.554931640625,37267.138732910156,6.019282040164997e-08,0.0,0.8838971421752879,0.9925123799295985,0.6883240856750791,
24,instruct,attribute,all,l0,77562.25048828125,163408.587890625,240970.83837890625,5.731898324127608e-07,0.9991862177848816,0.24724061810154527,,,
24,instruct,attribute,all,l1,22759.254272460938,10628.459289550781,33387.71356201172,3.300430151398359e-08,0.0,0.8129586540182566,,,
24,instruct,attribute,all,l2,11994.88491821289,3319.9683837890625,15314.853302001953,1.7499398374809516e-08,0.0,0.9019748225046238,,,
24,instruct_control,attribute,all,l0,82954.01318359375,129563.5107421875,212517.52392578125,1.6296070270982455e-08,1.0,0.16744227671379988,,,
24,instruct_control,attribute,all,l1,83710.40539550781,2906.1803283691406,86616.58572387695,8.836277487489497e-08,0.0,0.16416084959131316,,,
24,instruct_control,attribute,all,l2,77634.06298828125,2328.0058364868164,79962.06882476807,9.324006811084473e-08,0.0,0.22301771970646142,,,
24,instruct,state,all,l0,73270.203125,488672.12109375,561942.32421875,2.6195071130737564e-08,0.9815719127655029,,0.7402601276773462,,
24,instruct,state,all,l1,28132.661499023438,43252.4296875,71385.09118652344,4.175225498670443e-09,0.0,,0.9447228685639282,,
24,instruct,state,all,l2,5374.779342651367,7623.672225952148,12998.451568603516,6.068653357615972e-10,0.0,,0.9961517809199928,,
24,instruct_control,state,all,l0,258193.857421875,315425.279296875,573619.13671875,7.992523975985932e-09,1.0,,0.08618220869876499,,
24,instruct_control,state,all,l1,256176.89794921875,8703.721801757812,264880.61975097656,2.8331849755147687e-08,0.0,,0.08916532426466202,,
24,instruct_control,state,all,l2,222217.51513671875,8541.281799316406,230758.79693603516,2.811734844954117e-08,0.0,,0.18384941232623353,,
24,instruct,correctness_instruct,all,l0,2741.966911315918,15742.262878417969,18484.229789733887,9.657374751744403e-08,1.0,,,,0.638356899946304
24,instruct,correctness_instruct,all,l1,2722.419589996338,145.99123764038086,2868.4108276367188,5.741543986914621e-07,0.0,,,,0.638356899946304
24,instruct,correctness_instruct,all,l2,2455.1635551452637,62.22125065326691,2517.3848057985306,3.357161801886832e-07,0.0,,,,0.683401944991349
24,instruct,multitask_dual,all,l0,379408.091796875,4132621.453125,4512029.544921875,1.288074200189726e-06,1.0,0.10032217648111688,0.04322534454984786,,
24,instruct,multitask_dual,all,l1,42321.439208984375,72486.1435546875,114807.58276367188,5.951723031083489e-09,0.0,0.8145397052681821,0.9478253087524611,,
24,instruct,multitask_dual,all,l2,16664.6103515625,17223.84686279297,33888.45721435547,6.179657637458054e-09,0.0,0.8921305411371636,0.9928405226418472,,
24,instruct,multitask_triple_instruct,all,l0,380189.490234375,4133128.3125,4513317.802734375,1.0134577152302409e-06,1.0,0.10032217648111688,0.04322534454984786,,0.638356899946304
24,instruct,multitask_triple_instruct,all,l1,45411.285705566406,72617.36206054688,118028.64776611328,1.310787984265538e-07,0.0,0.8149871726030666,0.9465127379034664,,0.6377602768331245
24,instruct,multitask_triple_instruct,all,l2,20050.650360107422,17258.969787597656,37309.62014770508,6.571902905899707e-08,0.0,0.8871785692977746,0.9911401467692859,,0.667322952091164
24,base,attribute,suppression,l0,30915.203491210938,173510.47265625,204425.67614746094,5.16731909649959e-07,0.9993489980697632,0.13742249036366683,,,
24,base,attribute,suppression,l1,4328.069808959961,2909.6141967773438,7237.684005737305,1.7520555672945193e-08,0.0,0.9071560248030837,,,
24,base,attribute,suppression,l2,2090.706817626953,545.293212890625,2636.000030517578,9.02997321361454e-09,0.0,0.9582704876822524,,,
24,base,state,suppression,l0,52881.46875,411809.390625,464690.859375,8.599407349170936e-08,0.9901620149612427,,0.47863247863247865,,
24,base,state,suppression,l1,3529.7190551757812,8651.70263671875,12181.421691894531,1.0628037894200304e-09,0.0,,0.9959778783308195,,
24,base,state,suppression,l2,639.0398445129395,1081.865478515625,1720.9053230285645,8.04502436890786e-11,0.0,,1.0,,
24,base,correctness_base,suppression,l0,747.9547386169434,20728.7490234375,21476.703762054443,8.968066822490073e-08,1.0,,,0.799396681749623,
24,base,correctness_base,suppression,l1,749.5881042480469,44.06905746459961,793.6571617126465,4.208618349821336e-06,0.0,,,0.7995642701525054,
24,base,correctness_base,suppression,l2,657.3778953552246,19.369013786315918,676.7469091415405,5.805638799927237e-06,0.0,,,0.8236970001675884,
24,base,multitask_dual,suppression,l0,139196.1259765625,5304102.0,5443298.1259765625,3.6144882748421836e-06,1.0,0.09904474610356963,0.049773755656108594,,
24,base,multitask_dual,suppression,l1,7380.909912109375,18403.798828125,25784.708740234375,6.685350527798247e-09,0.0,0.8910675381263616,0.992626110273169,,
24,base,multitask_dual,suppression,l2,1404.5678024291992,2875.749755859375,4280.317558288574,4.316310293848065e-09,0.0,0.9747779453661807,1.0,,
24,base,multitask_triple_base,suppression,l0,139974.72119140625,5304132.0,5444106.721191406,2.945449774502704e-06,1.0,0.09904474610356963,0.049773755656108594,0.799396681749623,
24,base,multitask_triple_base,suppression,l1,8040.525299072266,18325.37109375,26365.896392822266,9.464255154231771e-08,0.0,0.8906485671191554,0.9946371711077593,0.7993128875481816,
24,base,multitask_triple_base,suppression,l2,1761.8887939453125,2929.4534912109375,4691.34228515625,8.244304298358346e-08,0.0,0.9860063683593095,1.0,0.8143120496061672,
24,instruct,attribute,suppression,l0,31184.600341796875,173449.4765625,204634.07690429688,4.3822062259039435e-07,0.9997152090072632,0.11421149656443774,,,
24,instruct,attribute,suppression,l1,4302.8682861328125,2905.44287109375,7208.3111572265625,1.961010598350299e-08,0.0,0.9062342885872298,,,
24,instruct,attribute,suppression,l2,2073.1633529663086,538.9455413818359,2612.1088943481445,7.933961043704585e-09,0.0,0.9590246354952238,,,
24,instruct,state,suppression,l0,52466.983154296875,411458.25,463925.2331542969,8.796832632699629e-08,0.9905418157577515,,0.47938662644545,,
24,instruct,state,suppression,l1,3472.9502716064453,8600.250732421875,12073.20100402832,1.0416910667387924e-09,0.0,,0.9963968493380259,,
24,instruct,state,suppression,l2,623.0232849121094,1067.4063720703125,1690.4296569824219,6.662010179625533e-11,0.0,,1.0,,
24,instruct,correctness_instruct,suppression,l0,986.9943389892578,20740.9658203125,21727.960159301758,8.06175535217335e-08,1.0,,,,0.6251885369532428
24,instruct,correctness_instruct,suppression,l1,940.549560546875,51.49190139770508,992.0414619445801,2.762626110097699e-07,0.0,,,,0.646807440925088
24,instruct,correctness_instruct,suppression,l2,806.2236289978027,21.95198678970337,828.1756157875061,2.5195910069442107e-07,0.0,,,,0.7237305178481649
24,instruct,multitask_dual,suppression,l0,139785.68896484375,5303998.5,5443784.188964844,3.871962927456554e-06,1.0,0.09904474610356963,0.049773755656108594,,
24,instruct,multitask_dual,suppression,l1,7390.14501953125,18821.21484375,26211.35986328125,6.80160170777692e-09,0.0,0.8926596279537456,0.9937992290933467,,
24,instruct,multitask_dual,suppression,l2,1369.4594039916992,2861.5404052734375,4230.999809265137,2.7901944334278914e-09,0.0,0.9762862409921234,1.0,,
24,instruct,multitask_triple_instruct,suppression,l0,140021.22021484375,5304061.125,5444082.345214844,2.9261788761688243e-06,1.0,0.09904474610356963,0.049773755656108594,,0.6251885369532428
24,instruct,multitask_triple_instruct,suppression,l1,8466.60433959961,18369.66064453125,26836.26498413086,5.737094186525349e-08,0.0,0.8826881179822357,0.9925423160717278,,0.6376738729679906
24,instruct,multitask_triple_instruct,suppression,l2,2171.146209716797,2883.5253295898438,5054.671539306641,1.5072068473929306e-07,0.0,0.9780459192223898,1.0,,0.7072230601642366
24,base,attribute,enhancement,l0,31136.979736328125,173570.4140625,204707.39379882812,3.727620914486159e-07,0.999755859375,0.1644110275689223,,,
24,base,attribute,enhancement,l1,4564.793884277344,2975.1256713867188,7539.9195556640625,2.0397875388766806e-08,0.0,0.9009189640768588,,,
24,base,attribute,enhancement,l2,2239.220245361328,563.2030334472656,2802.4232788085938,8.570482767922272e-09,0.0,0.9579782790309106,,,
24,base,state,enhancement,l0,50264.61572265625,412899.84375,463164.45947265625,1.2889884611529587e-07,0.9875578880310059,,0.5029239766081871,,
24,base,state,enhancement,l1,3773.5999450683594,8859.99462890625,12633.59457397461,1.230447688183034e-09,0.0,,0.9928153717627402,,
24,base,state,enhancement,l2,726.1025314331055,1124.2478942871094,1850.3504257202148,1.0509183107076936e-10,0.0,,0.9999164578111946,,
24,base,correctness_base,enhancement,l0,1015.7110557556152,20749.6875,21765.398555755615,6.17556518515509e-08,1.0,,,0.5847117794486215,
24,base,correctness_base,enhancement,l1,948.1779937744141,55.06086730957031,1003.2388610839844,2.89298910161051e-07,0.0,,,0.6461988304093568,
24,base,correctness_base,enhancement,l2,799.3576431274414,25.200353622436523,824.5579967498779,3.0850219445710536e-07,0.0,,,0.7287385129490392,
24,base,multitask_dual,enhancement,l0,142318.43359375,5304718.5,5447036.93359375,2.7584592995820245e-06,1.0,0.1037593984962406,0.06791979949874687,,
24,base,multitask_dual,enhancement,l1,7889.962219238281,18998.7861328125,26888.74835205078,4.996753501703329e-09,0.0,0.8860484544695071,0.9907268170426066,,
24,base,multitask_dual,enhancement,l2,1175.161003112793,2983.4866333007812,4158.647636413574,1.46872901630087e-09,0.0,0.9866332497911445,1.0,,
24,base,multitask_triple_base,enhancement,l0,142638.984375,5304853.5,5447492.484375,2.1685001210987784e-06,1.0,0.1037593984962406,0.06791979949874687,0.5847117794486215,
24,base,multitask_triple_base,enhancement,l1,8721.606170654297,18522.322265625,27243.928436279297,5.51732744456801e-08,0.0,0.8905597326649958,0.9895572263993316,0.6152882205513784,
24,base,multitask_triple_base,enhancement,l2,2067.3985748291016,3014.849853515625,5082.248428344727,6.421409121711713e-08,0.0,0.98312447786132,1.0,0.7294903926482874,
24,instruct,attribute,enhancement,l0,30916.816650390625,173632.16015625,204548.97680664062,3.531870901574141e-07,0.9998372793197632,0.15213032581453634,,,
24,instruct,attribute,enhancement,l1,4546.081756591797,2981.7507934570312,7527.832550048828,2.1375669234657835e-08,0.0,0.9006683375104427,,,
24,instruct,attribute,enhancement,l2,2220.236152648926,563.0554962158203,2783.291648864746,7.947249525130928e-09,0.0,0.9585630743525481,,,
24,instruct,state,enhancement,l0,52263.416015625,412656.65625,464920.072265625,1.2067601081374354e-07,0.9878653287887573,,0.48930659983291563,,
24,instruct,state,enhancement,l1,3731.0646057128906,8843.64697265625,12574.71157836914,1.2417437078582338e-09,0.0,,0.9939849624060151,,
24,instruct,state,enhancement,l2,706.042366027832,1113.1809997558594,1819.2233657836914,1.0000429997991667e-10,0.0,,1.0,,
24,instruct,correctness_instruct,enhancement,l0,810.7355995178223,20732.818359375,21543.553958892822,7.346775040180849e-08,1.0,,,,0.7679197994987469
24,instruct,correctness_instruct,enhancement,l1,789.6318817138672,49.715457916259766,839.347339630127,2.616852434300654e-06,0.0,,,,0.7703425229741019
24,instruct,correctness_instruct,enhancement,l2,671.6498908996582,22.690778732299805,694.340669631958,3.4185642903139524e-06,0.0,,,,0.8076858813700919
24,instruct,multitask_dual,enhancement,l0,141657.849609375,5304732.75,5446390.599609375,2.73299278141792e-06,1.0,0.1037593984962406,0.06791979949874687,,
24,instruct,multitask_dual,enhancement,l1,7657.121337890625,18511.22021484375,26168.341552734375,4.592607095547467e-09,0.0,0.8912280701754386,0.9908103592314118,,
24,instruct,multitask_dual,enhancement,l2,1381.1433792114258,2996.586181640625,4377.729560852051,1.8106436078478099e-09,0.0,0.9769423558897243,1.0,,
24,instruct,multitask_triple_instruct,enhancement,l0,142358.3984375,5304799.5,5447157.8984375,2.238096600394436e-06,1.0,0.1037593984962406,0.06791979949874687,,0.7679197994987469
24,instruct,multitask_triple_instruct,enhancement,l1,8497.949096679688,18659.66455078125,27157.613647460938,1.0624789687288527e-07,0.0,0.889640768588137,0.9920634920634921,,0.7680033416875522
24,instruct,multitask_triple_instruct,enhancement,l2,1948.4832153320312,3028.1636352539062,4976.6468505859375,4.942994211143935e-08,0.0,0.9813700918964077,1.0,,0.8052631578947368
28,base,attribute,all,l0,77558.04455566406,163702.9130859375,241260.95764160156,5.733179388826374e-07,0.9990234375,0.27358152854841594,,,
28,base,attribute,all,l1,22934.42431640625,10539.597564697266,33474.021881103516,3.1742013462121577e-08,0.0,0.8137939263767079,,,
28,base,attribute,all,l2,12082.260391235352,3384.8366775512695,15467.097068786621,1.8325786665940313e-08,0.0,0.9024521209951674,,,
28,base_control,attribute,all,l0,82953.88391113281,129528.04541015625,212481.92932128906,1.8711759253164928e-08,1.0,0.16744227671379988,,,
28,base_control,attribute,all,l1,83784.89624023438,2810.2838973999023,86595.18013763428,8.73134382572971e-08,0.0,0.16547342044030786,,,
28,base_control,attribute,all,l2,77713.59912109375,2334.9431076049805,80048.54222869873,9.30618142547246e-08,0.0,0.2239424855318895,,,
28,base,state,all,l0,77049.61474609375,498618.26953125,575667.8842773438,2.9320884091058968e-08,0.9827654957771301,,0.7286259769703478,,
28,base,state,all,l1,28279.59295654297,44221.16015625,72500.75311279297,4.434137501618807e-09,0.0,,0.9443350635403616,,
28,base,state,all,l2,5448.689865112305,7614.086334228516,13062.77619934082,6.182202527682534e-10,0.0,,0.996002625141698,,
28,base_control,state,all,l0,258193.75390625,314843.654296875,573037.408203125,7.929320015402178e-09,1.0,,0.08618220869876499,,
28,base_control,state,all,l1,256845.3583984375,8583.108856201172,265428.4672546387,2.8101065474572806e-08,0.0,,0.08403436549131914,,
28,base_control,state,all,l2,222616.98583984375,8685.032409667969,231302.01824951172,2.8658598161257487e-08,0.0,,0.18071714098204164,,
28,base,correctness_base,all,l0,2676.3459701538086,15742.418975830078,18418.764945983887,7.429907119179309e-08,1.0,,,0.6635045641668158,
28,base,correctness_base,all,l1,2646.915855407715,167.752019405365,2814.66787481308,5.988688656088925e-07,0.0,,,0.6635045641668158,
28,base,correctness_base,all,l2,2389.7995529174805,71.27628135681152,2461.075834274292,3.595100039888166e-07,0.0,,,0.6984666785991289,
28,base,multitask_dual,all,l0,378246.92578125,4139663.34375,4517910.26953125,1.318697029351057e-06,1.0,0.10032217648111688,0.04322534454984786,,
28,base,multitask_dual,all,l1,42217.912109375,72785.0771484375,115002.9892578125,6.7779549102938335e-09,0.0,0.8149275102917487,0.948929061511843,,
28,base,multitask_dual,all,l2,16588.27508544922,17301.15838623047,33889.43347167969,4.578104159658203e-09,0.0,0.8907583079768511,0.9944514050474316,,
28,base,multitask_triple_base,all,l0,380309.77734375,4140115.2890625,4520425.06640625,9.880965490754395e-07,1.0,0.10032217648111688,0.04322534454984786,0.6635045641668158,
28,base,multitask_triple_base,all,l1,44930.3701171875,73107.6328125,118038.0029296875,1.2806488451644338e-07,0.0,0.8124813555277132,0.9469602052383509,0.6633852395441799,
28,base,multitask_triple_base,all,l2,19698.07403564453,17323.811645507812,37021.885681152344,6.778340067709054e-08,0.0,0.8848517391563749,0.9931090030427778,0.6845056977507309,
28,instruct,attribute,all,l0,68519.2255859375,163729.70947265625,232248.93505859375,4.885119568124688e-07,0.9988607168197632,0.3380168247717917,,,
28,instruct,attribute,all,l1,22813.102416992188,10531.673858642578,33344.776275634766,3.441875762177915e-08,0.0,0.8123321997494183,,,
28,instruct,attribute,all,l2,11919.329162597656,3384.610336303711,15303.939498901367,1.5058561064762443e-08,0.0,0.904868444603544,,,
28,instruct_control,attribute,all,l0,82953.65515136719,129537.24609375,212490.9012451172,2.1475100216624316e-08,1.0,0.16744227671379988,,,
28,instruct_control,attribute,all,l1,83743.6533203125,2816.7372665405273,86560.39058685303,8.627330316812731e-08,0.0,0.16538392697333096,,,
28,instruct_control,attribute,all,l2,77747.35803222656,2335.9524536132812,80083.31048583984,9.615787277539312e-08,0.0,0.2235546805083229,,,
28,instruct,state,all,l0,74550.31372070312,497033.4638671875,571583.7775878906,2.9403352252987958e-08,0.9831091165542603,,0.7342044030785753,,
28,instruct,state,all,l1,27977.648376464844,43773.86755371094,71751.51593017578,4.2441068437426566e-09,0.0,,0.9446333750969512,,
28,instruct,state,all,l2,5293.293159484863,7505.9652099609375,12799.2583694458,6.122806983643869e-10,0.0,,0.9961219497643339,,
28,instruct_control,state,all,l0,258193.62158203125,314687.484375,572881.1059570312,8.802004458630108e-09,1.0,,0.08618220869876499,,
28,instruct_control,state,all,l1,256633.4609375,8495.188751220703,265128.6496887207,2.7534385438343634e-08,0.0,,0.08749477954775968,,
28,instruct_control,state,all,l2,222619.20458984375,8706.989776611328,231326.19436645508,2.825003608819543e-08,0.0,,0.18182089374142354,,
28,instruct,correctness_instruct,all,l0,2741.9774780273438,15742.128936767578,18484.106414794922,5.570708102216789e-08,1.0,,,,0.638356899946304
28,instruct,correctness_instruct,all,l1,2724.509033203125,139.97020483016968,2864.4792380332947,5.832661571503195e-07,0.0,,,,0.638356899946304
28,instruct,correctness_instruct,all,l2,2488.189613342285,60.93473732471466,2549.124350667,3.797420475848412e-07,0.0,,,,0.6758546626096295
28,instruct,multitask_dual,all,l0,378376.3310546875,4136873.8125,4515250.1435546875,1.3443401508185713e-06,1.0,0.10032217648111688,0.04322534454984786,,
28,instruct,multitask_dual,all,l1,41612.30578613281,71692.78198242188,113305.08776855469,5.3264540370949005e-09,0.0,0.8148976791360897,0.9481236203090507,,
28,instruct,multitask_dual,all,l2,16651.384857177734,17084.285705566406,33735.67056274414,8.207531237980348e-09,0.0,0.8929658134956148,0.9934073145993676,,
28,instruct,multitask_triple_instruct,all,l0,382021.0146484375,4137102.234375,4519123.2490234375,1.0703263088175497e-06,1.0,0.10032217648111688,0.04322534454984786,,0.638356899946304
28,instruct,multitask_triple_instruct,all,l1,44284.84149169922,72758.0390625,117042.88055419922,1.2331165168133484e-07,0.0,0.8163295746077203,0.9514348785871964,,0.63817791301235
28,instruct,multitask_triple_instruct,all,l2,19873.283081054688,17212.537353515625,37085.82043457031,7.599481395212382e-08,0.0,0.8865819461845952,0.9926018733965754,,0.6651154465724002
28,base,attribute,suppression,l0,31031.027954101562,173485.3359375,204516.36389160156,4.369691668874391e-07,0.9996744990348816,0.14915367856544326,,,
28,base,attribute,suppression,l1,4395.636611938477,2909.5241088867188,7305.160720825195,1.990433684539994e-08,0.0,0.9053963465728172,,,
28,base,attribute,suppression,l2,2142.3487091064453,547.2071228027344,2689.5558319091797,7.621557385206756e-09,0.0,0.9570135746606335,,,
28,base,state,suppression,l0,55900.915283203125,412440.515625,468341.4309082031,1.1671801103396717e-07,0.990342915058136,,0.44151164739400034,,
28,base,state,suppression,l1,3534.4551696777344,8759.599365234375,12294.05453491211,1.1702458446727348e-09,0.0,,0.995810289927937,,
28,base,state,suppression,l2,643.327033996582,1074.4437561035156,1717.7707901000977,7.990508602007118e-11,0.0,,0.9999162057985588,,
28,base,correctness_base,suppression,l0,747.9725456237793,20729.138671875,21477.11121749878,4.763310338754915e-08,1.0,,,0.799396681749623,
28,base,correctness_base,suppression,l1,754.7558250427246,44.24850654602051,799.0043315887451,4.668277071573357e-06,0.0,,,0.800067035361153,
28,base,correctness_base,suppression,l2,651.0688095092773,20.30225658416748,671.3710660934448,5.7444243992677e-06,0.0,,,0.8260432378079436,
28,base,multitask_dual,suppression,l0,140253.4931640625,5304607.5,5444860.9931640625,3.888762209041425e-06,1.0,0.09904474610356963,0.049773755656108594,,
28,base,multitask_dual,suppression,l1,7615.656066894531,18649.22607421875,26264.88214111328,4.661718488082241e-09,0.0,0.8914027149321267,0.9918719624601977,,
28,base,multitask_dual,suppression,l2,1236.7813339233398,2875.1011962890625,4111.882530212402,1.5149262330704794e-09,0.0,0.9818166582872465,1.0,,
28,base,multitask_triple_base,suppression,l0,140679.119140625,5304582.0,5445261.119140625,2.941412217645952e-06,1.0,0.09904474610356963,0.049773755656108594,0.799396681749623,
28,base,multitask_triple_base,suppression,l1,8161.450927734375,18358.640625,26520.091552734375,1.0799167777381102e-07,0.0,0.8921568627450981,0.9917043740573153,0.7994804759510642,
28,base,multitask_triple_base,suppression,l2,1876.2117080688477,2934.0419311523438,4810.253639221191,4.6274589058162285e-08,0.0,0.9796380090497737,1.0,0.826127032009385,
28,instruct,attribute,suppression,l0,31177.869750976562,173501.015625,204678.88537597656,4.605047981091441e-07,0.9996744990348816,0.12309368191721133,,,
28,instruct,attribute,suppression,l1,4386.476669311523,2902.9339599609375,7289.410629272461,1.913233216299659e-08,0.0,0.9055639349756996,,,
28,instruct,attribute,suppression,l2,2126.8737258911133,545.5683288574219,2672.442054748535,9.291363234353867e-09,0.0,0.9575163398692811,,,
28,instruct,state,suppression,l0,58499.08154296875,411868.921875,470368.00341796875,1.2069421721309462e-07,0.99072265625,,0.426261102731691,,
28,instruct,state,suppression,l1,3480.2140197753906,8665.8662109375,12146.08023071289,1.1248309506051157e-09,0.0,,0.995810289927937,,
28,instruct,state,suppression,l2,623.9580688476562,1056.7908325195312,1680.7489013671875,8.32040651654875e-11,0.0,,0.9999162057985588,,
28,instruct,correctness_instruct,suppression,l0,987.0164985656738,20742.826171875,21729.842670440674,1.2703031870842096e-07,1.0,,,,0.6251885369532428
28,instruct,correctness_instruct,suppression,l1,937.7463150024414,49.814998626708984,987.5613136291504,3.7560297982963675e-07,0.0,,,,0.6473102061337356
28,instruct,correctness_instruct,suppression,l2,806.0322875976562,22.9760684967041,829.0083560943604,3.239164385604454e-07,0.0,,,,0.7252388134741076
28,instruct,multitask_dual,suppression,l0,139684.4052734375,5304440.25,5444124.6552734375,3.7317537775471976e-06,1.0,0.09904474610356963,0.049773755656108594,,
28,instruct,multitask_dual,suppression,l1,7540.684875488281,18459.94482421875,26000.62969970703,5.1908033057065e-09,0.0,0.8896430367018602,0.9907826378414614,,
28,instruct,multitask_dual,suppression,l2,1407.146125793457,2873.761962890625,4280.908088684082,3.3561551894082755e-09,0.0,0.9757834757834758,1.0,,
28,instruct,multitask_triple_instruct,suppression,l0,140961.6953125,5304366.75,5445328.4453125,2.919526495941898e-06,1.0,0.09904474610356963,0.049773755656108594,,0.6251885369532428
28,instruct,multitask_triple_instruct,suppression,l1,8343.614471435547,18349.19970703125,26692.814178466797,7.213029445257702e-08,0.0,0.8924082453494219,0.9924585218702866,,0.638428020780962
28,instruct,multitask_triple_instruct,suppression,l2,2104.3678436279297,2884.9868774414062,4989.354721069336,7.122344436016198e-08,0.0,0.9783810960281548,1.0,,0.717026981732864
28,base,attribute,enhancement,l0,30531.357177734375,173630.09765625,204161.45483398438,3.523385111818082e-07,0.999755859375,0.15588972431077694,,,
28,base,attribute,enhancement,l1,4617.9251708984375,2956.7382202148438,7574.663391113281,2.101573270962831e-08,0.0,0.9018379281537177,,,
28,base,attribute,enhancement,l2,2246.110527038574,574.07666015625,2820.187187194824,9.304259807052517e-09,0.0,0.9578947368421052,,,
28,base,state,enhancement,l0,52622.037109375,413504.671875,466126.708984375,9.939581317267947e-08,0.9890589118003845,,0.47635756056808687,,
28,base,state,enhancement,l1,3744.942428588867,8966.185546875,12711.127975463867,1.2548997396777395e-09,0.0,,0.9946532999164578,,
28,base,state,enhancement,l2,707.4416084289551,1112.0614013671875,1819.5030097961426,1.0289046004086089e-10,0.0,,1.0,,
28,base,correctness_base,enhancement,l0,1015.6665916442871,20751.47900390625,21767.145595550537,6.062427833815794e-08,1.0,,,0.5847117794486215,
28,base,correctness_base,enhancement,l1,953.9890670776367,56.08437538146973,1010.0734424591064,3.778328050429991e-07,0.0,,,0.6340016708437761,
28,base,correctness_base,enhancement,l2,808.3131446838379,25.263919830322266,833.5770645141602,3.01081229281408e-07,0.0,,,0.7224728487886383,
28,base,multitask_dual,enhancement,l0,142382.29296875,5305152.75,5447535.04296875,2.7719891116463813e-06,1.0,0.1037593984962406,0.06791979949874687,,
28,base,multitask_dual,enhancement,l1,7895.261688232422,19209.0234375,27104.285125732422,6.583576350749354e-09,0.0,0.8892230576441102,0.9907268170426066,,
28,base,multitask_dual,enhancement,l2,1298.2842407226562,3010.6173706054688,4308.901611328125,2.840258236068427e-09,0.0,0.9801169590643275,1.0,,
28,base,multitask_triple_base,enhancement,l0,142391.73828125,5305242.0,5447633.73828125,2.2397239997455167e-06,1.0,0.1037593984962406,0.06791979949874687,0.5847117794486215,
28,base,multitask_triple_base,enhancement,l1,8772.606872558594,18978.814453125,27751.421325683594,5.279645626590779e-08,0.0,0.887719298245614,0.9911445279866332,0.6257309941520468,
28,base,multitask_triple_base,enhancement,l2,2183.8549194335938,3040.0169677734375,5223.871887207031,4.8082888408698676e-08,0.0,0.9771929824561404,1.0,0.7269005847953216,
28,instruct,attribute,enhancement,l0,30789.000732421875,173645.5078125,204434.50854492188,3.496808795670307e-07,0.999755859375,0.16574770258980787,,,
28,instruct,attribute,enhancement,l1,4615.625274658203,2963.2241821289062,7578.849456787109,1.7165508126026907e-08,0.0,0.8994987468671679,,,
28,instruct,attribute,enhancement,l2,2224.8742294311523,575.4325561523438,2800.306785583496,9.001763556781839e-09,0.0,0.9570593149540518,,,
28,instruct,state,enhancement,l0,55331.260498046875,413017.03125,468348.2917480469,1.1442903935510174e-07,0.9890407919883728,,0.4603174603174603,,
28,instruct,state,enhancement,l1,3706.0850372314453,8897.57080078125,12603.655838012695,1.3013298216790758e-09,0.0,,0.9949874686716792,,
28,instruct,state,enhancement,l2,690.5078392028809,1100.2286682128906,1790.7365074157715,9.192227187759805e-11,0.0,,1.0,,
28,instruct,correctness_instruct,enhancement,l0,810.7127265930176,20732.91357421875,21543.626300811768,5.734331883407625e-08,1.0,,,,0.7679197994987469
28,instruct,correctness_instruct,enhancement,l1,792.7461967468262,46.62260341644287,839.368800163269,2.31795340255303e-06,0.0,,,,0.7684210526315789
28,instruct,correctness_instruct,enhancement,l2,676.989860534668,22.362476348876953,699.3523368835449,3.903951622419299e-06,0.0,,,,0.8058479532163743
28,instruct,multitask_dual,enhancement,l0,141289.12890625,5304996.0,5446285.12890625,2.6978972713008275e-06,1.0,0.1037593984962406,0.06791979949874687,,
28,instruct,multitask_dual,enhancement,l1,7724.345703125,18691.857421875,26416.203125,3.916647751493289e-09,0.0,0.8932330827067669,0.9905597326649959,,
28,instruct,multitask_dual,enhancement,l2,1287.0775299072266,2957.890869140625,4244.968399047852,1.6143745197709964e-09,0.0,0.9805346700083543,1.0,,
28,instruct,multitask_triple_instruct,enhancement,l0,141837.900390625,5305078.5,5446916.400390625,2.164847866402574e-06,1.0,0.1037593984962406,0.06791979949874687,,0.7679197994987469
28,instruct,multitask_triple_instruct,enhancement,l1,8567.867309570312,18733.80908203125,27301.676391601562,9.084894658090148e-08,0.0,0.8895572263993317,0.9898078529657477,,0.7694235588972431
28,instruct,multitask_triple_instruct,enhancement,l2,1975.2279815673828,3013.1640014648438,4988.391983032227,8.406256093822229e-08,0.0,0.9804511278195489,1.0,,0.8023391812865497
