state,layer,kl_divergence,kl_divergence_reverse,js_divergence,kl_ci_lower,kl_ci_upper,js_ci_lower,js_ci_upper,kl_std_error,js_std_error,n_samples,pca_enabled,pca_dim,kl_divergence_label
Andaman_and_Nicobar,8,217.41877988852684,209.04586698810635,44.663305269569264,1477.7958703582183,1501.77334221208,138.6960675975278,139.73798960174642,6.351734549057901,0.2766238888993553,474,False,,baseline
Andaman_and_Nicobar,16,176.86051851700938,180.26149235840865,36.19925292854339,1129.4313821029255,1145.646865998764,117.89134510693127,118.7326443527745,4.253418403534484,0.2175066141140946,474,False,,baseline
Andaman_and_Nicobar,24,152.42471079921552,147.3979567832971,31.875879858687426,873.971831986352,886.2456158647832,101.52692799318157,102.22883557211702,3.2544129993005346,0.18081529888550812,474,False,,baseline
Andaman_and_Nicobar,28,424.0382163614163,506.1980958051545,97.6401504015929,1172.7981286237548,1185.5161427075907,178.18351342282347,179.22640079714415,3.432713514509003,0.2608645303112619,474,False,,moderate
Andhra_Pradesh,8,252.30274747487738,244.42655349517008,52.9136695782243,1325.0699496985017,1339.1803610632987,168.76691869051322,169.6379841695102,3.584456891761195,0.2204794731537642,1017,False,,baseline
Andhra_Pradesh,16,207.04070705706192,210.60393357970997,43.33213144758702,1076.8355922570702,1086.8533059014342,144.34239593607106,145.0336266573871,2.6163833495570223,0.17867710863967456,1017,False,,baseline
Andhra_Pradesh,24,206.20934452717142,198.72985441386663,42.56948868252664,980.404569804228,989.8442855432676,135.64022116447404,136.33942633252565,2.527268405053165,0.1815837911200874,1017,False,,baseline
Andhra_Pradesh,28,562.4702515592048,670.927021192219,123.82778618146693,1373.922627086441,1384.1201604200899,231.36639512807565,232.359911244319,2.732039386841054,0.2507885932703848,1017,False,,high
Arunachal_Pradesh,8,310.1045778399066,297.8973631727198,63.939814772249235,1450.7612730314459,1463.726258433202,194.5034111767957,195.31329581121548,3.4143706906065323,0.22329346193519153,1431,False,,baseline
Arunachal_Pradesh,16,243.92024969022373,251.35399988015047,50.710054700247156,1123.9882078403466,1133.0336331260803,161.1243620094847,161.79989609109074,2.4085911527189756,0.17751391893779647,1431,False,,baseline
Arunachal_Pradesh,24,267.8044136377173,257.47374134286315,54.25029737236423,1021.006727464828,1029.1990744660134,153.04873117241786,153.68712338214743,2.196164840332003,0.17012120589380772,1431,False,,baseline
Arunachal_Pradesh,28,685.4491516952921,805.3564285800835,144.9116450745737,1514.6490507342119,1524.1168975397738,260.3908115404454,261.2984225298883,2.43286454144501,0.22684872821319277,1431,False,,high
Assam,8,262.5986343753043,251.0427385992116,54.50822390661409,1346.9219390624282,1362.6994583551777,157.1437951611489,158.0011943469449,3.9323646643821806,0.21407281967390435,714,False,,baseline
Assam,16,227.3040868632927,232.4256538107445,46.18548961065835,1109.1537396766444,1121.603965511251,136.97413937310134,137.71749619642793,3.014701079950602,0.1846350536630935,714,False,,baseline
Assam,24,212.94028346694358,205.42152972469955,43.66910762290598,925.845304029478,935.5768971546418,123.0247081626397,123.67665477223305,2.5261490150813097,0.1681751162610393,714,False,,baseline
Assam,28,582.7201509499466,680.4594332126173,127.75699681712018,1346.0490123430654,1357.4290499422737,221.5914442632427,222.56545489678257,2.9115526349327494,0.25781563997829837,714,False,,high
Bihar,8,187.45694597845522,180.70182621005983,39.65691522505574,1205.2704031435992,1223.790922926276,121.10952712685703,121.93173148471278,4.688904485978315,0.21040005087625135,447,False,,baseline
Bihar,16,175.2301141408251,177.38367744958714,35.202972834469335,1059.153386296211,1074.554007048836,110.52803249292391,111.24186116681307,4.147836405242535,0.1916674089375699,447,False,,baseline
Bihar,24,173.32129327442794,163.82360609414366,35.1235007008799,913.9276523951683,928.206139965997,102.51863653140626,103.21220128102543,3.860226473030929,0.184475030815663,447,False,,baseline
Bihar,28,440.9618660495662,517.7929435107376,100.7709773062711,1167.459682993834,1181.7096551533152,176.61915117778258,177.54494220307132,3.7570272272116916,0.2410009703861086,447,False,,moderate
Chandigarh,8,159.73100952966195,149.7230403716693,34.686119300634914,1044.6382395533199,1065.4411802028637,95.81774530180348,96.71777585421626,5.514607850577531,0.23019959357324174,282,False,,baseline
Chandigarh,16,173.51390364483473,169.93926648026581,35.23738690200548,983.6527329795082,1002.4682012584514,94.04426430757267,94.84682698150789,4.919556840175451,0.2077637846457733,282,False,,baseline
Chandigarh,24,180.69645874947787,167.08954930549487,36.60355649753956,896.0759608608276,915.8195750707578,91.63152438299369,92.57787298029426,5.03650735985679,0.2393157315043084,282,False,,baseline
Chandigarh,28,440.0964221914785,502.6663082977768,99.31537256233844,1082.0016981404008,1101.2649932999136,160.4881289226222,162.01481692189665,4.948615731029164,0.3817254408629361,282,False,,moderate
Chhattisgarh,8,305.29841024294797,294.91974681628744,64.00742401455267,1586.866766482355,1609.0958483550924,173.33801952294314,174.40034215287756,5.6759774967554275,0.25819131145901136,657,False,,baseline
Chhattisgarh,16,260.3669609450835,266.1110040606086,53.19589999575078,1262.3131305203906,1277.7063745475057,148.59816741389005,149.4425328153617,3.9619516702581232,0.20520575037972416,657,False,,baseline
Chhattisgarh,24,237.91614562016184,227.5112497630139,48.301609044740985,999.1886363144162,1012.3866680053255,128.62461743648927,129.3405509137728,3.159492704890855,0.18181246562033226,657,False,,baseline
Chhattisgarh,28,613.6034764938147,717.0221416649708,135.4379518011744,1364.6061372349488,1376.5640417711338,226.90773706714657,227.8692040565331,3.123324986820659,0.24569478368312564,657,False,,high
Dadra_and_Nagar_Haveli_and_Daman_and_Diu,8,264.1878297950086,246.90051163016744,54.029487265259206,1200.0781973685796,1214.9775682384727,141.4696743885515,142.28296481049992,3.772277193989249,0.20405933516509425,588,False,,baseline
Dadra_and_Nagar_Haveli_and_Daman_and_Diu,16,217.79339976789652,217.9319132383897,45.73556830680491,1029.8171123151888,1042.850054219666,125.92940492973374,126.64263487623799,3.1259043176006767,0.17293725342550118,588,False,,baseline
Dadra_and_Nagar_Haveli_and_Daman_and_Diu,24,221.50498954614568,207.22046792125514,45.447392466688086,901.6449362535712,913.4947235355345,117.11829267784081,117.77991562748686,2.9791558059525625,0.16785240934500453,588,False,,baseline
Dadra_and_Nagar_Haveli_and_Daman_and_Diu,28,550.3060146327507,618.9484829270864,122.59900277616356,1194.4705058740485,1204.7833842645493,201.12704922615313,201.99869374550605,2.7885747935797545,0.217031405039282,588,False,,high
Delhi,8,172.6276108142572,167.68838585805338,37.14509813412633,1050.3046450035597,1062.1536743386405,134.77781890948629,135.53866287699555,2.9691544735008106,0.1947808803900717,864,False,,baseline
Delhi,16,171.09433245124376,175.4358467957435,36.08390619387586,961.9971755745441,971.8863217928325,126.76869928288598,127.47249010114534,2.567740936306206,0.17984619080940747,864,False,,baseline
Delhi,24,169.6285064698816,162.38828772739066,34.52982108869173,841.4822971991279,850.7601975498362,115.4565997075871,116.0779804162175,2.3525417785556892,0.1635171917739157,864,False,,baseline
Delhi,28,426.23755557590266,501.2533224512995,95.8531991769575,1066.7038554690048,1074.9176107591277,183.82981766434273,184.59782011996614,2.170619826306151,0.1898750194254663,864,False,,moderate
Goa,8,179.85656275512417,171.83339789061006,38.57942795716599,1066.275004319712,1084.2836693892343,111.21207331926072,112.03816940208496,5.040271522485736,0.21933142828038232,405,False,,baseline
Goa,16,189.1846098555999,192.44923388390328,38.48151522827055,1008.3798750889698,1025.451107231888,108.05359440939866,108.79055273312937,4.607936140412131,0.19403358680750496,405,False,,baseline
Goa,24,195.57041421327665,185.19941569325636,38.92754768214178,896.9576140809934,913.4107422017665,102.33276703249552,103.05891091624645,4.524954271662574,0.1990237354292268,405,False,,baseline
Goa,28,455.1043458216807,521.2755395073088,101.44757984229409,1078.6983873439967,1093.4087700314494,170.2051553017686,171.24735154106,3.979418762605744,0.2662471476396511,405,False,,moderate
Gujarat,8,242.49897997097696,232.51427416566003,50.41141613083681,1344.005784756718,1362.821970550916,150.4254263983267,151.28391826338915,4.86831672534533,0.22315861165246859,660,False,,baseline
Gujarat,16,216.33955520695645,219.56760023543018,43.81032721010479,1116.4680960806138,1130.640128456508,132.96547995074616,133.65184499666077,3.67129024817909,0.19149217824587705,660,False,,baseline
Gujarat,24,225.07543400374198,213.37805361630205,44.555568163253554,996.6375789977952,1011.0047963577031,125.09896465085468,125.77985291193465,3.7686953333328175,0.18644456611142285,660,False,,baseline
Gujarat,28,584.434952738585,678.2657204700711,126.2477252321421,1352.7643960017044,1367.1321549184984,218.1783566852244,219.13366834803995,3.829655886912442,0.2475113899039421,660,False,,high
Haryana,8,244.33733811852244,233.9682718628402,49.74265360359169,1338.691247103289,1353.5625350579014,158.80212744103778,159.70151268146063,3.719576247511206,0.2296085878699497,819,False,,baseline
Haryana,16,197.30602204833633,203.46462556687175,40.34770031823501,1090.4113593929014,1102.0598874348395,136.59516336490645,137.34784631819875,2.9059706539089167,0.19205820867526427,819,False,,baseline
Haryana,24,234.87483043529983,230.39723102276753,46.53491619263042,1120.2669794620995,1133.4281424835142,142.125649194635,142.98319264511014,3.319731882184402,0.214949970232702,819,False,,baseline
Haryana,28,650.7109829616154,780.246640174634,133.77876009182808,1620.331020883105,1636.1129845786131,247.5398438933826,248.81057208203117,4.106382612561022,0.3286729528842563,819,False,,high
Himachal_Pradesh,8,291.7219600379883,282.8199169294529,61.67819464752711,1363.7364051930792,1376.419989924969,187.49020578599212,188.32042821778424,3.361910895436239,0.2147771990997522,1422,False,,baseline
Himachal_Pradesh,16,225.92278504364663,239.17277247664174,47.628181867221485,1059.7356325597902,1069.7619762666743,153.72261557162503,154.3504618338146,2.4748469509975974,0.16884512612884683,1422,False,,baseline
Himachal_Pradesh,24,247.1427845211233,241.83485072235328,50.5972754033387,985.7704727321352,995.0033814426988,147.46991889950087,148.0959617090768,2.407098999212865,0.16438306750879592,1422,False,,baseline
Himachal_Pradesh,28,659.3462035070804,777.8411259440784,144.55550462256247,1474.7643186085606,1485.2336929622063,258.9416791407357,259.8318497393098,2.6806145989759638,0.23132446263504944,1422,False,,high
Jammu_kashmir,8,193.95649826740112,183.14329803157273,41.20577078622739,1234.8507004991538,1261.8026497262947,112.92174741171354,113.88082990457596,6.9259401771294895,0.2407229659483373,336,False,,baseline
Jammu_kashmir,16,201.93068365878548,202.3083515479791,40.56981950703624,1125.508253228089,1148.7275170283094,108.42572962926802,109.24182240992013,5.867664231862868,0.2112733980149116,336,False,,baseline
Jammu_kashmir,24,199.85382814234333,188.27937652518176,39.0871478526804,996.8937809282137,1020.3268993395072,101.56403711351726,102.45224521526755,5.70800803852121,0.21686369063858416,336,False,,baseline
Jammu_kashmir,28,505.8777246101549,583.5294341860808,112.08192392192058,1278.2022720187185,1300.9132793939675,183.64939484984558,184.8745457625152,5.5426317002288,0.3100444911985076,336,False,,high
Jharkhand,8,288.2933295868786,275.9556848128964,57.96486290622511,1306.4116022461028,1317.9750278579559,179.63073805255124,180.36311535724198,2.9383148651578948,0.18868810109096582,1389,False,,baseline
Jharkhand,16,231.74459231160972,241.11834402813986,47.94269995238608,1091.2457094203123,1100.1889117964313,156.33336424644534,156.94249029999668,2.3241300312829116,0.1573553115432546,1389,False,,baseline
Jharkhand,24,250.9610894125217,247.15589751046036,51.353796553589916,1047.124412242139,1056.3598339676169,153.7068721821751,154.33527155485987,2.281443429564149,0.16150412419225313,1389,False,,baseline
Jharkhand,28,736.1554543605748,861.548109520955,157.0810662927721,1683.4364131364205,1695.7520065626695,284.3207364039702,285.32532047328135,3.0001464758179486,0.26431775896019405,1389,False,,high
Karnataka,8,286.2076637352584,276.5183428226386,58.71258643435851,1311.6274918208653,1322.9023036432852,178.7903274850983,179.57450521866323,3.182418263408925,0.21223929995812105,1308,False,,baseline
Karnataka,16,213.89810754821121,220.45808886536895,45.41363046084132,1023.8504554769625,1031.86729684591,148.10363474404596,148.71428347340853,2.2150296815984523,0.16302828347199705,1308,False,,baseline
Karnataka,24,248.4353218047272,245.1240051657379,50.37321790179544,957.1759256212775,965.9597738076152,143.87308209327162,144.53205182026,2.3047249045979123,0.1742111636511465,1308,False,,baseline
Karnataka,28,650.1201872189645,766.7287214042744,139.18860113759536,1448.4286518891881,1458.949896761476,249.84622418990705,250.86703775379985,2.72809575193935,0.26902648425382647,1308,False,,high
Kerala,8,196.70561547923012,186.3839169381481,41.2916266891952,1216.4958854381389,1242.9921289121455,110.64649765177197,111.60072136950829,6.596983383820374,0.24398224713348865,324,False,,baseline
Kerala,16,171.67920376304676,173.11477691634207,34.90471203845692,984.2566463098017,1003.1214568330142,97.23113982828329,97.95536836154514,4.717754069419859,0.19327010834640376,324,False,,baseline
Kerala,24,172.5081349839444,164.50432297746204,35.47892601362395,897.1557770086104,914.9669069782409,93.10863885029424,93.84610318325934,4.594609006933231,0.19312599378901954,324,False,,baseline
Kerala,28,401.7682422229691,462.0417881039316,91.61607018469994,1038.8945773889095,1053.7717062555978,154.23602769063558,155.08091420148838,3.8445061828962834,0.2350443938058213,324,False,,moderate
Ladakh,8,190.9875277208116,179.7602998141199,39.609374864670826,1115.5260208785044,1131.6565565605335,116.24168906251556,117.00938629453708,4.345551420068571,0.19933059133464506,429,False,,baseline
Ladakh,16,174.8267419399125,173.9675638564056,34.771931425492255,985.9505686409982,1001.1276666707934,106.07775570273519,106.7730509063897,3.8174295993613048,0.17668929282504056,429,False,,baseline
Ladakh,24,186.5629883275186,177.9163198662401,37.45089751301015,929.3305064320539,943.5688245745173,104.45729169284651,105.11218212925633,3.8616989931435124,0.17766501195947665,429,False,,baseline
Ladakh,28,473.59876050539356,555.1687924610142,104.42256741990536,1218.0309055196556,1231.3324488707894,181.9922063581799,182.82330790442037,3.6522386435341385,0.2223197839202949,429,False,,high
Lakshadweep,8,184.23914811173233,172.50580777222433,38.7505211232384,1222.0193148638134,1254.576039801855,88.75602255078718,89.7607587536143,8.412612673327063,0.2531390741966629,171,False,,baseline
Lakshadweep,16,166.80296154694054,166.18423532327915,33.893863423010316,1010.0478992775033,1035.406253038466,80.14140787669507,80.95790970993166,6.4138799400012845,0.19967512376090188,171,False,,baseline
Lakshadweep,24,191.43322444756723,182.12418510175303,38.52305346603049,1043.937639955861,1071.079547658116,84.35827755323325,85.18640767515359,6.692314194109123,0.20424080434896252,171,False,,baseline
Lakshadweep,28,453.8280789993048,519.9079687785911,101.61244120199763,1192.2335459410922,1213.6416995287796,154.21851518365466,155.3514518711746,5.66306867780531,0.28493608989336355,171,False,,moderate
Madhya_Pradesh,8,200.26787366237158,188.8328142383824,43.47833085816228,1183.8216957648244,1204.0682774126622,118.3433842683111,119.17869208192194,5.194333970234885,0.21464985301387338,390,False,,baseline
Madhya_Pradesh,16,181.63891015302443,180.11540603246794,37.13893579301845,1002.8397419171877,1019.4626567034271,105.49390654276439,106.20343782371005,4.1738727082152876,0.18823769725557943,390,False,,baseline
Madhya_Pradesh,24,193.2194829242228,180.80208576361406,39.529365875623284,928.9356212691476,945.0948953553535,102.90114742346493,103.62086025055925,4.212101996975122,0.18723598358197197,390,False,,baseline
Madhya_Pradesh,28,504.647135753949,565.6892218939033,112.22612731621797,1196.7339688872714,1212.8874113859986,184.20572291040526,185.31095057730303,4.12748730447807,0.2917337026310543,390,False,,high
Maharashtra,8,218.0267240029043,210.26122544748227,45.92212538568049,1148.2389456511642,1163.8237385459058,130.10441067471515,130.93634899381976,3.9126584932586157,0.2094829057837768,534,False,,baseline
Maharashtra,16,202.2014238930991,203.85795348648787,40.15222465247916,1021.9604803866034,1035.0708581859171,117.49864479208124,118.22163601525743,3.2725438670054627,0.18673214326884469,534,False,,baseline
Maharashtra,24,216.2200675564004,204.00549982136113,42.610182249978834,927.8583939143058,939.4157673966614,113.57280318577372,114.23543021679575,2.988001083767828,0.17667144644151694,534,False,,baseline
Maharashtra,28,550.3901861185657,648.2465958502223,121.78122059388613,1243.5591556656993,1255.6744595961227,202.30343849359417,203.32493426575303,3.0596299313080464,0.25036142424543595,534,False,,high
Manipur,8,245.9201954441569,235.5493053015316,51.45171621905075,1066.3617264265267,1076.0358910168907,157.79425801607277,158.50320233143145,2.3091309466464103,0.17818685478695626,1449,False,,baseline
Manipur,16,208.52078222895898,213.01621061262563,43.51079688117807,911.725212930334,919.2049262034824,138.48952099135667,139.07625846555683,1.8564347925701743,0.14835524915029435,1449,False,,baseline
Manipur,24,243.38567930048998,235.43774436941158,48.82589736285382,882.017103691069,888.42611357647,136.94413364380233,137.5072357292518,1.6742970740075354,0.14407509837607757,1449,False,,baseline
Manipur,28,625.3868704516578,728.5323466642087,135.05455004281492,1317.3288635961715,1324.5462661836962,236.72972731775457,237.5009459373503,1.8325306943312363,0.1872025683542639,1449,False,,high
Meghalaya,8,249.6610080494363,233.3415339581809,51.14194821633197,1463.7391643861042,1483.0770850325068,153.02050998414828,153.98933274109316,4.859611068180421,0.23176142668905578,603,False,,baseline
Meghalaya,16,229.11819884380589,227.73662257035244,46.123007504044836,1241.1623764021492,1256.1181611467298,138.51055755404997,139.3031591192241,3.8895940485931613,0.2065400460451684,603,False,,baseline
Meghalaya,24,239.90906632948258,227.01773931128332,47.741559262780754,1198.1399595231812,1213.2926591334824,136.68217682191911,137.47206654693818,4.104535050780104,0.2089839511341063,603,False,,baseline
Meghalaya,28,622.5585818124143,717.3036232665004,124.67415551958618,1540.8090522300547,1555.298594415029,225.14752794699606,226.1882455007123,3.8282280258723236,0.26922909720771776,603,False,,high
Mizoram,8,293.47611121876366,275.5372644642998,60.01613817882475,1451.211928773226,1471.4120287454061,159.11129713917978,160.13299912100854,5.020264644547549,0.25974097322890777,606,False,,baseline
Mizoram,16,259.85092188569683,261.81615707844855,52.72359341801888,1288.8334060570587,1305.993949925969,145.0709689330314,145.90554469434048,4.457034559294509,0.22275265711103556,606,False,,baseline
Mizoram,24,339.00520561033454,315.9312743342714,63.79194948212216,1380.8828016468226,1399.6225502815366,156.50474055099673,157.42914916282353,4.832247358438546,0.23824856838577047,606,False,,baseline
Mizoram,28,749.7853298587163,846.9378848558697,156.11427618191112,1620.3380177311158,1636.0442273908404,253.80794555213924,254.92924636415916,3.8816159954045366,0.2906278490510723,606,False,,high
Nagaland,8,278.20835951002914,260.422911735913,56.97800779536857,1387.673710118503,1402.185680144012,181.05016714301695,181.86584311505501,3.6409667716303415,0.21531293115132596,1224,False,,baseline
Nagaland,16,214.8014163113844,219.5922965995345,45.31437281789516,1063.0848144670529,1073.2108765068867,149.29377964921346,149.94939731024755,2.5400611099496753,0.1670533459163887,1224,False,,baseline
Nagaland,24,226.88183698528724,218.15246734615744,44.96372132729596,908.5905534530385,916.8672824518619,134.11496310744653,134.72820833126295,2.053942881168745,0.15656359501992106,1224,False,,baseline
Nagaland,28,606.6436233685499,714.2611593510867,129.28901693083964,1349.9368664474307,1357.9929515436363,234.54345661426777,235.31221801571905,2.089729918645829,0.1876392292783921,1224,False,,high
Odisha,8,223.12096623005982,216.87892513622012,47.949815541123826,1154.0756232758813,1165.475997104338,155.69730469465352,156.4493532680781,2.887000075965837,0.18989442194931794,1068,False,,baseline
Odisha,16,200.17101836167387,203.74408430978292,42.096865187976164,1039.2208568190217,1049.3151491439505,142.4194478609808,143.1005756186669,2.5808239251188576,0.17240131363030703,1068,False,,baseline
Odisha,24,222.42048610031293,212.28906621300564,45.39062683263535,997.7416332008578,1008.2865358260698,139.28442485805184,139.98249483130633,2.6996316242371385,0.17959325356460645,1068,False,,baseline
Odisha,28,589.1224712268784,681.0348822249985,127.92472448348497,1383.1323344230605,1393.571499332805,234.83315310491773,235.70146481380968,2.6566131287832833,0.21908732309864948,1068,False,,high
Puducherry,8,177.81796885987478,171.53664632596394,37.96472357813383,993.8045715010378,1005.3875155218186,119.35138515154325,120.03286192272427,3.0318147781074987,0.17733463574999161,588,False,,baseline
Puducherry,16,191.09789695523932,191.57335955121982,39.15939764240085,944.8479442235395,955.0014897731403,116.8671580860938,117.4703337826276,2.6895267172898554,0.16109737289277298,588,False,,baseline
Puducherry,24,178.82430367827078,167.71648003534233,36.93094568726099,792.3259332704474,801.3009213123863,104.6120308702339,105.18970382034969,2.2379853877959017,0.14467543914432826,588,False,,baseline
Puducherry,28,488.69582612260933,546.5869345470978,106.05307083364119,1136.8945826339504,1146.6548530125665,184.78151665559935,185.51297902736093,2.3573153233920925,0.18726576830065417,588,False,,high
Punjab,8,232.39070309161616,223.078560647445,47.90244132010855,1118.691505389801,1129.0144207167837,149.35690513847337,150.05561008000333,2.642163180459216,0.1830802781934935,969,False,,baseline
Punjab,16,211.42649996129467,216.90491927672042,43.5738956460433,1024.393756037748,1033.5186010454836,138.66601040639114,139.3404200836529,2.437334336274203,0.17398627855349288,969,False,,baseline
Punjab,24,236.12514920974286,227.03427944205316,47.47720456815284,943.3767798335192,952.4430102491714,134.10997601523457,134.75867008145465,2.3099893841736456,0.1707401711780172,969,False,,baseline
Punjab,28,654.4677545167438,765.4523144230739,137.54989860065092,1436.4797018365664,1447.2645115929795,241.74113124369566,242.73602913634988,2.7226355929554855,0.24527882492785683,969,False,,high
Rajasthan,8,230.22949005689884,220.80487849765575,48.96629379125187,1278.13034258435,1292.6936551141596,156.98576654303488,157.88764459309454,3.648622544973043,0.22704210356486168,861,False,,baseline
Rajasthan,16,199.42118677074586,201.99592861584574,41.49077745800696,1044.7623367602237,1055.6422039311665,135.9034866521296,136.67705051087904,2.729153602940227,0.1904693227586117,861,False,,baseline
Rajasthan,24,225.04609403328277,215.22257340215606,45.687891230032506,1045.3307183719003,1057.8760723813655,137.32124553716497,138.11048935944473,3.2410742517896702,0.19881737042597628,861,False,,baseline
Rajasthan,28,568.1093597682145,656.2642066237042,124.685150703553,1403.8295964570254,1417.5047337825797,228.46097528208017,229.51631180824802,3.3992286182427875,0.2756793226032288,861,False,,high
Sikkim,8,237.38434211713547,226.0306688109232,49.81474811100151,1165.7998191483202,1174.959311268737,165.26022431650674,165.98408305262663,2.404695452524401,0.18340813263335298,1485,False,,baseline
Sikkim,16,200.13054608228322,206.1776728040095,42.63256163785769,982.5622536721999,989.8643460094947,145.56752832239724,146.1475733403328,1.878927101657426,0.15126686004329665,1485,False,,baseline
Sikkim,24,236.05261074955024,231.73753705151057,48.47785525895671,998.8104932871591,1006.6182777237893,148.63770326840614,149.24529120061572,2.0510953853732112,0.15506723705185063,1485,False,,baseline
Sikkim,28,633.2977029455396,747.1278566517524,133.1686742461428,1483.0733946036253,1491.9959459967106,251.00926203059146,251.81260595220257,2.2201008160220823,0.21005462918907006,1485,False,,high
Tamil_Nadu,8,250.44499714387302,241.8709587504551,52.91841993274414,1096.493328939252,1105.8342425107667,163.51907872439082,164.19292404705237,2.362642783388429,0.16549588342272784,1590,False,,baseline
Tamil_Nadu,16,188.67228187503895,194.089908288605,40.523960784303426,884.737676041261,892.0392980887597,136.7222988289257,137.29286685828822,1.7767668654196294,0.14105762146401463,1590,False,,baseline
Tamil_Nadu,24,238.82441151415242,228.90838220623107,48.8727277309855,897.2854125278219,904.3695194013766,141.15075071780456,141.70940434367867,1.8952990098449607,0.14635703337891248,1590,False,,baseline
Tamil_Nadu,28,634.3770099994113,739.8088127972374,136.81679777915207,1411.386172302927,1421.2726163663167,248.6396602579886,249.48206408420057,2.4741068039999723,0.2212930983228804,1590,False,,high
Telangana,8,214.0259207360176,206.1648455284669,46.037097221303384,788.9652426021362,792.9783972292454,135.98408197703802,136.4080305824204,0.9559841204888223,0.10566596039902316,2889,False,,baseline
Telangana,16,175.49963512922886,182.24877664560734,38.39182029842033,672.3080723783253,675.4989786439933,118.84423664136622,119.21556562916702,0.7995420406491929,0.09270355060240072,2889,False,,baseline
Telangana,24,204.68727908766198,199.87887072338128,41.9842045644354,688.8728769655166,692.0830014449283,120.15027989854894,120.53017701183207,0.8415136511421817,0.09565088578502437,2889,False,,baseline
Telangana,28,561.0484776210171,662.6256330744577,121.88709342156892,1135.2958859252233,1139.6105413002206,214.78176283359196,215.28042550002155,1.1256033609875291,0.14132224068430582,2889,False,,high
Tripura,8,238.88888295722109,228.2388089617334,50.56672925030716,1092.1038144649535,1101.6422833902093,159.73363314780767,160.40968990504393,2.4013131856975716,0.1660249471871026,1449,False,,baseline
Tripura,16,197.5706230686585,208.69987996101838,41.99696284936243,942.4186777614027,949.4465608021461,140.97951008301234,141.57768489986702,1.9231897078207854,0.14839054331258097,1449,False,,baseline
Tripura,24,248.3947191051675,240.36375709877848,49.56532854599283,981.2339477718485,988.888117983874,146.8448569918757,147.42862852208583,1.9436646833665443,0.15118610496584434,1449,False,,baseline
Tripura,28,639.7472007936278,740.5503024630138,137.41686298887993,1451.4611869111736,1460.349579194095,252.25972793208066,253.08486167951807,2.2162386565343093,0.208538306061817,1449,False,,high
Uttar_Pradesh,8,235.02520280781346,226.56601625192184,49.4117825897676,1204.824655259545,1216.1238614942567,158.1130747618138,158.85597913623,2.96995283566155,0.19137047261362158,1011,False,,baseline
Uttar_Pradesh,16,217.79166098249334,224.37510224790833,45.47522207039157,1077.4084970023227,1087.2270841622103,145.58825228922734,146.23830612609945,2.513651096992015,0.17057609910234375,1011,False,,baseline
Uttar_Pradesh,24,229.29922509509515,219.98174329241215,45.917508826296455,990.1636022318386,999.5278245314227,138.01726519390084,138.6784493173939,2.4094116394577894,0.16295154719302293,1011,False,,baseline
Uttar_Pradesh,28,634.7816355812797,744.0447978702045,137.7925004774363,1502.6513948719528,1513.2596634097422,250.25395413826493,251.13371057093659,2.7272984761602976,0.2299178304632833,1011,False,,high
Uttarakhand,8,276.5202832579607,269.29333512227106,58.620303011417036,1207.6842163522974,1215.664237691927,179.86846207924478,180.54406985080993,2.1579882846285474,0.16784515388308147,1806,False,,baseline
Uttarakhand,16,207.39443065070918,217.43069520251572,44.31278945220572,964.0383124958107,970.5076404454028,149.0994701501003,149.63326044733384,1.7169072287731946,0.1364084991799761,1806,False,,baseline
Uttarakhand,24,260.59787091289536,258.8611821431374,52.683425264306436,1061.2001665817804,1068.539855196644,160.83763909907302,161.4047484672523,1.9946141148188168,0.1489384397602769,1806,False,,baseline
Uttarakhand,28,715.0638433368185,828.1734171002406,151.8460363216014,1657.8178387679004,1668.1622338099924,282.13826144726266,283.01667533358284,2.642661816816795,0.23990533168069106,1806,False,,high
West_Bengal,8,233.6473651519657,224.5559778946797,49.38592461010745,1151.7957209626238,1162.0083245841854,161.6808238419575,162.3602218256899,2.59412522533206,0.17671068520610123,1263,False,,baseline
West_Bengal,16,201.51406986828897,206.66340773103855,42.714441659183194,984.7219240332962,993.0963310157437,143.02533900439764,143.62765835561305,2.0973017112648384,0.1532452085720256,1263,False,,baseline
West_Bengal,24,227.52602617858292,223.1450763979392,46.575399592713836,942.3989107289748,950.5246753665145,140.30724822310805,140.8991916091718,1.9988273368141662,0.15685918549799893,1263,False,,baseline
West_Bengal,28,640.3447889131437,740.6950205127639,137.87426262466408,1429.7504914981214,1439.167783307922,249.03935924103678,249.9569235151693,2.475117069098678,0.2401251278041183,1263,False,,high
